open_time,open,high,low,close,volume,close_time,quote_asset_volume,number_of_trades,taker_buy_base_asset_volume,taker_buy_quote_asset_volume,ignore
2025-09-02 02:58:13.243063,50049.51,50203.55,49967.0,50000.0,733.38,2025-09-02 03:58:13.243063,36668767.93,827,366.69,18334383.97,0
2025-09-02 03:58:13.243063,50316.49,50339.32,49830.67,49866.74,1318.08,2025-09-02 04:58:13.243063,65728525.05,369,659.04,32864262.52,0
2025-09-02 04:58:13.243063,50496.57,50556.51,50264.78,50517.68,1764.35,2025-09-02 05:58:13.243063,89130914.34,145,882.18,44565457.17,0
2025-09-02 05:58:13.243063,51924.94,52099.49,51851.79,52061.54,1107.91,2025-09-02 06:58:13.243063,57679314.62,352,553.95,28839657.31,0
2025-09-02 06:58:13.243063,51705.14,52239.32,51341.38,51822.93,1944.37,2025-09-02 07:58:13.243063,100763131.69,389,972.19,50381565.85,0
2025-09-02 07:58:13.243063,51700.93,51831.21,51468.84,51585.44,2058.68,2025-09-02 08:58:13.243063,106198001.49,643,1029.34,53099000.74,0
2025-09-02 08:58:13.243063,52940.91,53410.32,52875.12,53219.89,2413.76,2025-09-02 09:58:13.243063,128459902.94,552,1206.88,64229951.47,0
2025-09-02 09:58:13.243063,54074.99,54284.9,53725.45,54042.07,701.54,2025-09-02 10:58:13.243063,37912661.9,714,350.77,18956330.95,0
2025-09-02 10:58:13.243063,53578.75,53669.57,53157.79,53540.04,1864.41,2025-09-02 11:58:13.243063,99820627.36,597,932.21,49910313.68,0
2025-09-02 11:58:13.243063,54327.3,54407.92,54049.04,54126.37,1006.45,2025-09-02 12:58:13.243063,54475700.74,547,503.23,27237850.37,0
2025-09-02 12:58:13.243063,53699.51,53782.58,53558.35,53630.12,634.81,2025-09-02 13:58:13.243063,34045036.94,773,317.41,17022518.47,0
2025-09-02 13:58:13.243063,53222.16,53304.69,53135.87,53135.94,622.83,2025-09-02 14:58:13.243063,33094481.21,348,311.41,16547240.61,0
2025-09-02 14:58:13.243063,53709.88,53775.91,53364.92,53398.39,530.71,2025-09-02 15:58:13.243063,28339014.63,322,265.35,14169507.31,0
2025-09-02 15:58:13.243063,51253.3,51740.94,51197.97,51360.41,1437.41,2025-09-02 16:58:13.243063,73825819.28,343,718.7,36912909.64,0
2025-09-02 16:58:13.243063,49890.62,50011.63,49438.3,49593.7,2469.98,2025-09-02 17:58:13.243063,122495641.97,490,1234.99,61247820.99,0
2025-09-02 17:58:13.243063,49464.51,49487.18,48855.9,49040.94,704.59,2025-09-02 18:58:13.243063,34553805.11,718,352.3,17276902.55,0
2025-09-02 18:58:13.243063,48134.16,48289.73,47866.16,48052.44,1869.38,2025-09-02 19:58:13.243063,89828243.23,103,934.69,44914121.62,0
2025-09-02 19:58:13.243063,48298.02,48439.99,48014.43,48359.25,2073.52,2025-09-02 20:58:13.243063,100273798.26,784,1036.76,50136899.13,0
2025-09-02 20:58:13.243063,47386.25,47937.34,47152.25,47485.86,776.89,2025-09-02 21:58:13.243063,36891475.38,803,388.45,18445737.69,0
2025-09-02 21:58:13.243063,46242.12,46446.59,46127.08,46149.32,2479.88,2025-09-02 22:58:13.243063,114444888.22,550,1239.94,57222444.11,0
2025-09-02 22:58:13.243063,47377.63,47712.28,47289.27,47506.71,1362.8,2025-09-02 23:58:13.243063,64742011.66,432,681.4,32371005.83,0
2025-09-02 23:58:13.243063,47095.42,47321.7,46933.91,47296.94,1809.8,2025-09-03 00:58:13.243063,85598136.94,865,904.9,42799068.47,0
2025-09-03 00:58:13.243063,47248.66,47465.96,47054.19,47365.55,1846.64,2025-09-03 01:58:13.243063,87467058.6,294,923.32,43733529.3,0
2025-09-03 01:58:13.243063,45915.62,46332.54,45740.91,46020.61,905.06,2025-09-03 02:58:13.243063,41651309.64,686,452.53,20825654.82,0
2025-09-03 02:58:13.243063,45689.94,45860.39,45380.46,45524.15,1210.57,2025-09-03 03:58:13.243063,55110292.93,741,605.29,27555146.46,0
2025-09-03 03:58:13.243063,45366.37,45720.6,45223.49,45629.7,1076.06,2025-09-03 04:58:13.243063,49100366.57,152,538.03,24550183.29,0
2025-09-03 04:58:13.243063,44428.73,44633.59,44353.88,44583.87,2155.06,2025-09-03 05:58:13.243063,96080744.3,113,1077.53,48040372.15,0
2025-09-03 05:58:13.243063,44778.0,45093.63,44771.78,44923.33,738.83,2025-09-03 06:58:13.243063,33190543.68,472,369.41,16595271.84,0
2025-09-03 06:58:13.243063,44420.15,44606.94,44208.71,44388.17,1558.61,2025-09-03 07:58:13.243063,69183683.56,108,779.3,34591841.78,0
2025-09-03 07:58:13.243063,44035.44,44338.47,43708.42,44133.65,1603.26,2025-09-03 08:58:13.243063,70757582.56,380,801.63,35378791.28,0
2025-09-03 08:58:13.243063,43621.55,43944.47,43269.91,43606.96,2198.41,2025-09-03 09:58:13.243063,95865947.08,212,1099.2,47932973.54,0
2025-09-03 09:58:13.243063,45165.78,45234.42,44878.44,45226.76,933.02,2025-09-03 10:58:13.243063,42197297.05,339,466.51,21098648.52,0
2025-09-03 10:58:13.243063,45195.12,45227.01,45086.44,45219.07,1279.11,2025-09-03 11:58:13.243063,57840209.5,413,639.56,28920104.75,0
2025-09-03 11:58:13.243063,44315.94,44431.58,44266.42,44267.02,1779.12,2025-09-03 12:58:13.243063,78756319.63,976,889.56,39378159.81,0
2025-09-03 12:58:13.243063,45341.11,45380.86,44989.06,44999.68,1951.99,2025-09-03 13:58:13.243063,87839001.68,802,976.0,43919500.84,0
2025-09-03 13:58:13.243063,43844.53,44106.51,43730.68,43905.43,744.09,2025-09-03 14:58:13.243063,32669549.31,305,372.04,16334774.65,0
2025-09-03 14:58:13.243063,44120.59,44201.96,43879.78,44093.22,1262.5,2025-09-03 15:58:13.243063,55667709.39,152,631.25,27833854.7,0
2025-09-03 15:58:13.243063,42602.31,42775.28,41970.04,42369.47,2763.77,2025-09-03 16:58:13.243063,117099664.94,590,1381.89,58549832.47,0
2025-09-03 16:58:13.243063,41373.66,41645.34,41217.03,41248.22,1059.86,2025-09-03 17:58:13.243063,43717207.38,276,529.93,21858603.69,0
2025-09-03 17:58:13.243063,41403.94,41473.06,41156.97,41414.74,1422.65,2025-09-03 18:58:13.243063,58918874.43,232,711.33,29459437.22,0
2025-09-03 18:58:13.243063,41999.35,42371.47,41763.26,42030.55,1735.9,2025-09-03 19:58:13.243063,72960843.83,333,867.95,36480421.91,0
2025-09-03 19:58:13.243063,41946.54,42324.41,41791.83,42178.81,1247.49,2025-09-03 20:58:13.243063,52617499.57,901,623.74,26308749.79,0
2025-09-03 20:58:13.243063,42107.02,42383.32,42059.29,42085.47,523.09,2025-09-03 21:58:13.243063,22014384.47,667,261.54,11007192.23,0
2025-09-03 21:58:13.243063,42013.29,42023.53,41780.06,41836.24,1371.15,2025-09-03 22:58:13.243063,57363766.8,317,685.58,28681883.4,0
2025-09-03 22:58:13.243063,40363.89,40806.57,40327.36,40603.31,1180.84,2025-09-03 23:58:13.243063,47946111.24,826,590.42,23973055.62,0
2025-09-03 23:58:13.243063,39978.36,40206.78,39804.05,40022.8,646.75,2025-09-04 00:58:13.243063,25884701.89,249,323.37,12942350.95,0
2025-09-04 00:58:13.243063,39588.1,39834.78,39575.13,39658.09,1926.36,2025-09-04 01:58:13.243063,76395680.22,983,963.18,38197840.11,0
2025-09-04 01:58:13.243063,40316.14,40821.75,40154.73,40500.52,2353.24,2025-09-04 02:58:13.243063,95307593.96,277,1176.62,47653796.98,0
2025-09-04 02:58:13.243063,40942.11,41170.93,40377.19,40782.91,2109.19,2025-09-04 03:58:13.243063,86018929.4,612,1054.6,43009464.7,0
2025-09-04 03:58:13.243063,39339.68,39451.07,39176.99,39348.95,823.97,2025-09-04 04:58:13.243063,32422368.55,660,411.99,16211184.27,0
2025-09-04 04:58:13.243063,39900.33,39996.55,39532.63,39607.93,1984.39,2025-09-04 05:58:13.243063,78597538.74,949,992.19,39298769.37,0
2025-09-04 05:58:13.243063,39671.03,39684.24,39101.87,39306.84,1760.33,2025-09-04 06:58:13.243063,69192840.5,245,880.16,34596420.25,0
2025-09-04 06:58:13.243063,38614.7,38963.55,38500.06,38778.62,1657.25,2025-09-04 07:58:13.243063,64265790.02,699,828.62,32132895.01,0
2025-09-04 07:58:13.243063,39255.52,39320.77,39035.06,39256.9,1402.31,2025-09-04 08:58:13.243063,55050270.67,110,701.15,27525135.33,0
2025-09-04 08:58:13.243063,40063.09,40073.92,39927.24,40070.3,1017.69,2025-09-04 09:58:13.243063,40779055.96,670,508.84,20389527.98,0
2025-09-04 09:58:13.243063,40877.56,40911.29,40689.33,40820.64,1891.65,2025-09-04 10:58:13.243063,77218188.38,185,945.82,38609094.19,0
2025-09-04 10:58:13.243063,40216.25,40311.65,40127.87,40139.57,1742.86,2025-09-04 11:58:13.243063,69957536.81,206,871.43,34978768.41,0
2025-09-04 11:58:13.243063,39988.56,40010.61,39736.64,39895.35,2110.95,2025-09-04 12:58:13.243063,84217174.99,140,1055.48,42108587.49,0
2025-09-04 12:58:13.243063,40192.91,40469.31,40014.36,40163.66,1741.11,2025-09-04 13:58:13.243063,69929486.51,926,870.56,34964743.25,0
2025-09-04 13:58:13.243063,40938.44,41340.73,40714.97,40951.31,2011.05,2025-09-04 14:58:13.243063,82354977.97,325,1005.52,41177488.99,0
2025-09-04 14:58:13.243063,40663.24,40791.75,40417.5,40562.95,942.21,2025-09-04 15:58:13.243063,38218938.75,272,471.11,19109469.38,0
2025-09-04 15:58:13.243063,40583.83,40787.5,40375.24,40416.39,861.31,2025-09-04 16:58:13.243063,34811229.97,135,430.66,17405614.99,0
2025-09-04 16:58:13.243063,39529.26,39540.38,39456.89,39526.15,1127.18,2025-09-04 17:58:13.243063,44553188.6,955,563.59,22276594.3,0
2025-09-04 17:58:13.243063,38643.91,38808.89,38416.0,38584.47,1578.82,2025-09-04 18:58:13.243063,60917800.86,782,789.41,30458900.43,0
2025-09-04 18:58:13.243063,39299.73,39326.13,39076.9,39215.35,2233.56,2025-09-04 19:58:13.243063,87589950.15,903,1116.78,43794975.08,0
2025-09-04 19:58:13.243063,40198.84,40451.94,39968.62,40282.98,1585.62,2025-09-04 20:58:13.243063,63873295.2,284,792.81,31936647.6,0
2025-09-04 20:58:13.243063,40257.78,40466.79,40154.11,40228.99,1806.44,2025-09-04 21:58:13.243063,72671052.69,286,903.22,36335526.34,0
2025-09-04 21:58:13.243063,41066.23,41069.64,41012.11,41040.43,1514.61,2025-09-04 22:58:13.243063,62160157.25,468,757.3,31080078.63,0
2025-09-04 22:58:13.243063,41221.98,41676.6,40995.83,41341.37,1653.38,2025-09-04 23:58:13.243063,68353091.35,794,826.69,34176545.68,0
2025-09-04 23:58:13.243063,41038.44,41079.28,40750.23,40812.1,1476.18,2025-09-05 00:58:13.243063,60245982.17,354,738.09,30122991.08,0
2025-09-05 00:58:13.243063,41120.05,41285.99,41095.72,41111.17,1769.11,2025-09-05 01:58:13.243063,72730082.53,100,884.55,36365041.27,0
2025-09-05 01:58:13.243063,42180.2,42556.43,42158.45,42379.89,2564.37,2025-09-05 02:58:13.243063,108677697.85,303,1282.18,54338848.92,0
2025-09-05 02:58:13.243063,42284.38,42482.6,42225.03,42353.76,505.31,2025-09-05 03:58:13.243063,21401651.42,756,252.65,10700825.71,0
2025-09-05 03:58:13.243063,43930.39,44105.72,43585.39,43683.37,2119.16,2025-09-05 04:58:13.243063,92572167.11,863,1059.58,46286083.56,0
2025-09-05 04:58:13.243063,41371.25,41573.92,41273.54,41398.95,2389.4,2025-09-05 05:58:13.243063,98918797.92,835,1194.7,49459398.96,0
2025-09-05 05:58:13.243063,42137.24,42160.04,41927.5,42083.61,1992.85,2025-09-05 06:58:13.243063,83866220.19,986,996.42,41933110.09,0
2025-09-05 06:58:13.243063,42281.04,42479.08,41995.31,42161.08,1518.98,2025-09-05 07:58:13.243063,64041817.22,170,759.49,32020908.61,0
2025-09-05 07:58:13.243063,41703.8,42141.39,41615.87,41913.17,1769.2,2025-09-05 08:58:13.243063,74152853.08,625,884.6,37076426.54,0
2025-09-05 08:58:13.243063,42087.29,42394.16,41976.47,41994.28,1429.47,2025-09-05 09:58:13.243063,60029519.97,366,714.73,30014759.99,0
2025-09-05 09:58:13.243063,40083.97,40617.27,40023.05,40329.15,1774.66,2025-09-05 10:58:13.243063,71570696.07,558,887.33,35785348.03,0
2025-09-05 10:58:13.243063,40214.09,40304.29,39781.37,40156.0,1612.18,2025-09-05 11:58:13.243063,64738804.16,742,806.09,32369402.08,0
2025-09-05 11:58:13.243063,40462.77,40633.57,40074.31,40446.82,1708.87,2025-09-05 12:58:13.243063,69118549.68,875,854.44,34559274.84,0
2025-09-05 12:58:13.243063,41398.18,41760.53,41310.27,41646.39,1319.93,2025-09-05 13:58:13.243063,54970479.96,402,659.97,27485239.98,0
2025-09-05 13:58:13.243063,41396.17,41622.21,40865.81,41218.87,1753.87,2025-09-05 14:58:13.243063,72292336.78,605,876.93,36146168.39,0
2025-09-05 14:58:13.243063,40577.97,40940.59,40355.22,40556.49,864.2,2025-09-05 15:58:13.243063,35048985.59,807,432.1,17524492.79,0
2025-09-05 15:58:13.243063,40010.54,40448.46,39999.22,40153.55,1933.21,2025-09-05 16:58:13.243063,77625049.88,110,966.6,38812524.94,0
2025-09-05 16:58:13.243063,40795.53,41180.46,40495.94,40892.7,1009.38,2025-09-05 17:58:13.243063,41276328.3,734,504.69,20638164.15,0
2025-09-05 17:58:13.243063,41483.53,41502.04,40940.72,41165.66,616.05,2025-09-05 18:58:13.243063,25360168.46,554,308.03,12680084.23,0
2025-09-05 18:58:13.243063,40497.68,41026.27,40382.23,40733.62,1878.42,2025-09-05 19:58:13.243063,76515015.92,597,939.21,38257507.96,0
2025-09-05 19:58:13.243063,41289.75,41319.04,41101.63,41155.84,812.19,2025-09-05 20:58:13.243063,33426335.32,378,406.09,16713167.66,0
2025-09-05 20:58:13.243063,41202.7,41359.47,40880.49,41239.86,1729.63,2025-09-05 21:58:13.243063,71329565.37,325,864.81,35664782.69,0
2025-09-05 21:58:13.243063,42221.53,42305.63,41802.54,42042.92,2221.16,2025-09-05 22:58:13.243063,93383930.7,110,1110.58,46691965.35,0
2025-09-05 22:58:13.243063,41600.47,41736.22,41435.31,41456.79,1061.3,2025-09-05 23:58:13.243063,43998220.26,376,530.65,21999110.13,0
2025-09-05 23:58:13.243063,41067.41,41334.65,40933.36,41189.26,1702.24,2025-09-06 00:58:13.243063,70113974.39,464,851.12,35056987.2,0
2025-09-06 00:58:13.243063,40649.56,40898.31,40550.04,40870.37,1238.12,2025-09-06 01:58:13.243063,50602398.54,716,619.06,25301199.27,0
2025-09-06 01:58:13.243063,39713.44,39810.08,39655.72,39678.17,2475.77,2025-09-06 02:58:13.243063,98234103.49,677,1237.89,49117051.75,0
2025-09-06 02:58:13.243063,39768.3,40185.16,39664.74,39917.13,1195.4,2025-09-06 03:58:13.243063,47717072.23,775,597.7,23858536.12,0
2025-09-06 03:58:13.243063,40060.08,40170.21,40018.03,40129.53,1209.12,2025-09-06 04:58:13.243063,48521265.06,982,604.56,24260632.53,0
2025-09-06 04:58:13.243063,39971.66,40164.74,39929.45,40137.65,1959.97,2025-09-06 05:58:13.243063,78668634.26,201,979.99,39334317.13,0
2025-09-06 05:58:13.243063,39979.86,40114.6,39658.54,39953.35,1186.17,2025-09-06 06:58:13.243063,47391363.55,411,593.08,23695681.78,0
2025-09-06 06:58:13.243063,38776.52,38980.74,38723.76,38826.37,1569.98,2025-09-06 07:58:13.243063,60956466.66,341,784.99,30478233.33,0
2025-09-06 07:58:13.243063,38602.85,38614.29,38250.73,38503.61,1522.29,2025-09-06 08:58:13.243063,58613654.08,169,761.15,29306827.04,0
2025-09-06 08:58:13.243063,37996.45,38272.45,37879.68,38243.54,681.2,2025-09-06 09:58:13.243063,26051486.01,639,340.6,13025743.01,0
2025-09-06 09:58:13.243063,37517.69,37868.43,37389.67,37633.73,606.01,2025-09-06 10:58:13.243063,22806338.37,968,303.0,11403169.18,0
2025-09-06 10:58:13.243063,37508.2,37610.22,37262.48,37516.09,1459.24,2025-09-06 11:58:13.243063,54744997.69,381,729.62,27372498.84,0
2025-09-06 11:58:13.243063,37881.55,37925.55,37596.96,37823.01,2077.18,2025-09-06 12:58:13.243063,78565372.87,195,1038.59,39282686.43,0
2025-09-06 12:58:13.243063,39200.68,39314.4,38882.78,39253.62,2514.58,2025-09-06 13:58:13.243063,98706408.43,282,1257.29,49353204.21,0
2025-09-06 13:58:13.243063,39463.68,39626.08,39118.39,39394.6,1152.17,2025-09-06 14:58:13.243063,45389429.56,113,576.09,22694714.78,0
2025-09-06 14:58:13.243063,39650.3,39832.31,39501.23,39601.46,2038.05,2025-09-06 15:58:13.243063,80709785.18,459,1019.03,40354892.59,0
2025-09-06 15:58:13.243063,39745.37,39878.57,39471.9,39546.46,1992.81,2025-09-06 16:58:13.243063,78808573.28,191,996.4,39404286.64,0
2025-09-06 16:58:13.243063,37883.47,38035.97,37867.9,38032.8,2243.62,2025-09-06 17:58:13.243063,85331331.93,923,1121.81,42665665.97,0
2025-09-06 17:58:13.243063,38032.49,38181.44,37918.09,38016.44,1591.99,2025-09-06 18:58:13.243063,60521879.91,108,796.0,30260939.96,0
2025-09-06 18:58:13.243063,38124.54,38290.42,37832.58,38066.03,874.29,2025-09-06 19:58:13.243063,33280840.75,742,437.15,16640420.37,0
2025-09-06 19:58:13.243063,39967.44,39981.67,39865.56,39945.16,2401.91,2025-09-06 20:58:13.243063,95944804.73,112,1200.96,47972402.37,0
2025-09-06 20:58:13.243063,39760.02,39894.32,39710.15,39795.48,903.99,2025-09-06 21:58:13.243063,35974738.3,156,452.0,17987369.15,0
2025-09-06 21:58:13.243063,40035.57,40223.22,39746.08,40039.46,1601.84,2025-09-06 22:58:13.243063,64136901.58,173,800.92,32068450.79,0
2025-09-06 22:58:13.243063,40256.8,40396.41,39680.14,40015.67,1744.78,2025-09-06 23:58:13.243063,69818637.85,939,872.39,34909318.92,0
2025-09-06 23:58:13.243063,39185.56,39297.08,39006.08,39084.36,1990.03,2025-09-07 00:58:13.243063,77779146.05,764,995.02,38889573.02,0
2025-09-07 00:58:13.243063,40041.76,40190.08,39954.23,39981.6,2313.0,2025-09-07 01:58:13.243063,92477246.93,626,1156.5,46238623.46,0
2025-09-07 01:58:13.243063,40598.45,40805.36,40477.75,40586.87,2122.03,2025-09-07 02:58:13.243063,86126447.2,699,1061.01,43063223.6,0
2025-09-07 02:58:13.243063,41368.38,41557.7,41045.69,41233.03,1011.49,2025-09-07 03:58:13.243063,41707008.11,734,505.75,20853504.05,0
2025-09-07 03:58:13.243063,40536.8,40660.35,40308.05,40487.22,2248.89,2025-09-07 04:58:13.243063,91051219.73,157,1124.44,45525609.86,0
2025-09-07 04:58:13.243063,41711.9,41970.49,41505.46,41627.18,682.9,2025-09-07 05:58:13.243063,28427375.53,370,341.45,14213687.77,0
2025-09-07 05:58:13.243063,40552.55,40667.62,40441.5,40464.24,2418.86,2025-09-07 06:58:13.243063,97877390.65,194,1209.43,48938695.33,0
2025-09-07 06:58:13.243063,41090.44,41256.2,40775.48,40943.22,995.75,2025-09-07 07:58:13.243063,40769104.78,243,497.87,20384552.39,0
2025-09-07 07:58:13.243063,42729.19,42809.58,42710.87,42741.0,2153.35,2025-09-07 08:58:13.243063,92036493.23,893,1076.68,46018246.62,0
2025-09-07 08:58:13.243063,41680.85,42239.65,41611.48,41898.54,1117.84,2025-09-07 09:58:13.243063,46835707.09,378,558.92,23417853.54,0
2025-09-07 09:58:13.243063,41384.56,41531.74,41214.83,41428.19,1151.55,2025-09-07 10:58:13.243063,47706819.71,418,575.78,23853409.86,0
2025-09-07 10:58:13.243063,41393.96,41858.87,41187.23,41514.9,1909.84,2025-09-07 11:58:13.243063,79286674.94,957,954.92,39643337.47,0
2025-09-07 11:58:13.243063,41096.91,41235.31,40955.34,41101.02,2102.27,2025-09-07 12:58:13.243063,86405292.61,888,1051.13,43202646.31,0
2025-09-07 12:58:13.243063,39783.19,39871.3,39674.02,39830.45,1642.57,2025-09-07 13:58:13.243063,65424186.99,274,821.28,32712093.49,0
2025-09-07 13:58:13.243063,40132.33,40231.63,39619.03,39889.05,1814.45,2025-09-07 14:58:13.243063,72376876.32,773,907.23,36188438.16,0
2025-09-07 14:58:13.243063,38872.89,39217.05,38807.16,39045.55,1829.87,2025-09-07 15:58:13.243063,71448399.53,261,914.94,35724199.77,0
2025-09-07 15:58:13.243063,39371.58,39692.84,39328.79,39419.29,819.52,2025-09-07 16:58:13.243063,32304786.32,101,409.76,16152393.16,0
2025-09-07 16:58:13.243063,38704.12,38976.51,38414.95,38698.37,877.75,2025-09-07 17:58:13.243063,33967607.27,175,438.88,16983803.64,0
2025-09-07 17:58:13.243063,39901.42,39909.47,39835.71,39901.84,1130.47,2025-09-07 18:58:13.243063,45107870.82,418,565.24,22553935.41,0
2025-09-07 18:58:13.243063,39260.26,39322.15,39193.42,39280.77,1631.35,2025-09-07 19:58:13.243063,64080680.21,320,815.68,32040340.1,0
2025-09-07 19:58:13.243063,38920.08,39054.21,38879.05,39031.68,881.92,2025-09-07 20:58:13.243063,34422844.28,963,440.96,17211422.14,0
2025-09-07 20:58:13.243063,39643.23,39915.13,39449.72,39670.64,1330.6,2025-09-07 21:58:13.243063,52785664.32,586,665.3,26392832.16,0
2025-09-07 21:58:13.243063,38519.23,38967.53,38426.31,38698.02,1556.68,2025-09-07 22:58:13.243063,60240311.98,470,778.34,30120155.99,0
2025-09-07 22:58:13.243063,38943.4,39216.38,38632.46,38877.94,704.39,2025-09-07 23:58:13.243063,27385050.71,645,352.19,13692525.36,0
2025-09-07 23:58:13.243063,39789.57,39944.97,39763.67,39898.21,1941.75,2025-09-08 00:58:13.243063,77472526.66,285,970.88,38736263.33,0
2025-09-08 00:58:13.243063,38375.17,38770.82,38273.58,38619.48,1666.08,2025-09-08 01:58:13.243063,64343173.72,477,833.04,32171586.86,0
2025-09-08 01:58:13.243063,38480.34,38772.98,38458.63,38765.95,1257.33,2025-09-08 02:58:13.243063,48741456.43,604,628.66,24370728.21,0
2025-09-08 02:58:13.243063,38832.95,39216.23,38702.95,38971.32,542.25,2025-09-08 03:58:13.243063,21132176.84,751,271.12,10566088.42,0
2025-09-08 03:58:13.243063,39699.64,39796.63,39253.62,39584.59,2042.74,2025-09-08 04:58:13.243063,80860875.99,536,1021.37,40430437.99,0
2025-09-08 04:58:13.243063,38499.71,38738.08,38303.65,38609.27,966.16,2025-09-08 05:58:13.243063,37302571.99,869,483.08,18651285.99,0
2025-09-08 05:58:13.243063,37456.58,37925.28,37418.19,37593.49,1366.34,2025-09-08 06:58:13.243063,51365315.73,823,683.17,25682657.86,0
2025-09-08 06:58:13.243063,37940.51,38332.26,37912.38,37989.68,2007.41,2025-09-08 07:58:13.243063,76261005.85,450,1003.71,38130502.93,0
2025-09-08 07:58:13.243063,37887.55,38426.19,37849.14,38219.13,1561.41,2025-09-08 08:58:13.243063,59675735.19,166,780.71,29837867.59,0
2025-09-08 08:58:13.243063,38302.01,38558.66,38105.64,38414.42,2097.75,2025-09-08 09:58:13.243063,80584038.26,603,1048.88,40292019.13,0
2025-09-08 09:58:13.243063,38672.68,38808.68,38599.29,38684.44,1133.22,2025-09-08 10:58:13.243063,43838077.87,161,566.61,21919038.93,0
2025-09-08 10:58:13.243063,38214.99,38303.22,37985.01,38162.18,1685.59,2025-09-08 11:58:13.243063,64325759.19,737,842.79,32162879.59,0
2025-09-08 11:58:13.243063,38317.15,38346.47,38259.8,38343.26,1284.16,2025-09-08 12:58:13.243063,49238801.27,104,642.08,24619400.64,0
2025-09-08 12:58:13.243063,38607.41,38882.15,38273.76,38571.84,635.45,2025-09-08 13:58:13.243063,24510303.61,789,317.72,12255151.81,0
2025-09-08 13:58:13.243063,38117.66,38246.58,37727.29,38024.62,1946.32,2025-09-08 14:58:13.243063,74008137.98,566,973.16,37004068.99,0
2025-09-08 14:58:13.243063,39381.2,39502.69,39182.58,39447.33,2217.03,2025-09-08 15:58:13.243063,87456066.29,252,1108.52,43728033.14,0
2025-09-08 15:58:13.243063,39794.68,39902.75,39470.5,39825.11,2040.69,2025-09-08 16:58:13.243063,81270812.14,782,1020.35,40635406.07,0
2025-09-08 16:58:13.243063,39058.45,39112.39,38625.88,38880.21,1692.83,2025-09-08 17:58:13.243063,65817692.34,669,846.42,32908846.17,0
2025-09-08 17:58:13.243063,39385.85,39456.28,39207.94,39394.64,1026.34,2025-09-08 18:58:13.243063,40432386.66,282,513.17,20216193.33,0
2025-09-08 18:58:13.243063,38583.45,38751.87,38537.34,38630.63,1357.84,2025-09-08 19:58:13.243063,52454044.86,917,678.92,26227022.43,0
2025-09-08 19:58:13.243063,39189.86,39441.59,39168.86,39242.61,1788.87,2025-09-08 20:58:13.243063,70199809.94,444,894.43,35099904.97,0
2025-09-08 20:58:13.243063,40364.67,40485.87,39891.03,40155.86,1119.21,2025-09-08 21:58:13.243063,44942806.51,723,559.6,22471403.25,0
2025-09-08 21:58:13.243063,39432.27,39605.08,39129.83,39500.77,1147.75,2025-09-08 22:58:13.243063,45336831.84,342,573.87,22668415.92,0
2025-09-08 22:58:13.243063,40064.09,40342.68,39986.1,40265.8,1662.74,2025-09-08 23:58:13.243063,66951390.33,338,831.37,33475695.17,0
2025-09-08 23:58:13.243063,40737.91,40871.02,40271.36,40602.25,1778.42,2025-09-09 00:58:13.243063,72207682.31,268,889.21,36103841.15,0
2025-09-09 00:58:13.243063,41105.07,41310.34,40985.38,41273.86,1338.5,2025-09-09 01:58:13.243063,55244988.02,128,669.25,27622494.01,0
2025-09-09 01:58:13.243063,42939.78,42954.96,42829.32,42843.75,1194.14,2025-09-09 02:58:13.243063,51161488.23,601,597.07,25580744.11,0
2025-09-09 02:58:13.243063,42450.65,42654.38,42353.43,42637.76,1935.67,2025-09-09 03:58:13.243063,82532737.57,899,967.84,41266368.78,0
2025-09-09 03:58:13.243063,42133.92,42135.89,41620.88,41999.27,1998.4,2025-09-09 04:58:13.243063,83931462.15,860,999.2,41965731.08,0
2025-09-09 04:58:13.243063,41041.28,41359.03,41018.37,41256.29,756.02,2025-09-09 05:58:13.243063,31190387.45,999,378.01,15595193.73,0
2025-09-09 05:58:13.243063,40635.51,40719.85,40283.61,40587.27,2076.82,2025-09-09 06:58:13.243063,84292632.11,997,1038.41,42146316.05,0
2025-09-09 06:58:13.243063,40559.36,40626.62,40512.39,40528.75,705.14,2025-09-09 07:58:13.243063,28578638.12,120,352.57,14289319.06,0
2025-09-09 07:58:13.243063,40753.85,40956.42,40489.49,40809.33,1036.26,2025-09-09 08:58:13.243063,42289188.62,688,518.13,21144594.31,0
2025-09-09 08:58:13.243063,41110.63,41134.46,41033.34,41039.24,1516.49,2025-09-09 09:58:13.243063,62235783.04,786,758.25,31117891.52,0
2025-09-09 09:58:13.243063,41599.46,41738.53,41373.02,41722.28,1568.97,2025-09-09 10:58:13.243063,65460836.59,662,784.48,32730418.3,0
2025-09-09 10:58:13.243063,41844.25,42098.1,41492.33,41737.31,1993.17,2025-09-09 11:58:13.243063,83189509.83,781,996.58,41594754.91,0
2025-09-09 11:58:13.243063,42843.17,43144.8,42650.95,42954.81,1089.31,2025-09-09 12:58:13.243063,46791251.32,637,544.66,23395625.66,0
2025-09-09 12:58:13.243063,42606.06,43128.37,42334.7,42731.74,1358.59,2025-09-09 13:58:13.243063,58054762.06,290,679.29,29027381.03,0
2025-09-09 13:58:13.243063,45197.21,45509.4,44618.67,45060.77,2636.79,2025-09-09 14:58:13.243063,118815654.89,743,1318.39,59407827.44,0
2025-09-09 14:58:13.243063,45738.94,45899.79,45604.79,45629.13,1702.92,2025-09-09 15:58:13.243063,77702574.84,709,851.46,38851287.42,0
2025-09-09 15:58:13.243063,44527.8,45018.82,44429.11,44851.47,1463.67,2025-09-09 16:58:13.243063,65647768.67,721,731.84,32823884.33,0
2025-09-09 16:58:13.243063,43773.23,44201.34,43610.61,43895.33,890.85,2025-09-09 17:58:13.243063,39104108.78,672,445.42,19552054.39,0
2025-09-09 17:58:13.243063,44487.15,44588.92,44243.79,44323.29,1298.07,2025-09-09 18:58:13.243063,57534744.88,700,649.04,28767372.44,0
2025-09-09 18:58:13.243063,44063.23,44499.15,44054.73,44129.63,1741.56,2025-09-09 19:58:13.243063,76854465.05,648,870.78,38427232.52,0
2025-09-09 19:58:13.243063,44941.66,45077.4,44389.02,44764.21,2220.55,2025-09-09 20:58:13.243063,99401209.17,582,1110.28,49700604.59,0
2025-09-09 20:58:13.243063,45072.59,45413.13,45010.75,45192.37,1488.89,2025-09-09 21:58:13.243063,67286346.01,349,744.44,33643173.0,0
2025-09-09 21:58:13.243063,45270.4,45546.86,44867.86,45131.06,1046.39,2025-09-09 22:58:13.243063,47224789.01,146,523.2,23612394.5,0
2025-09-09 22:58:13.243063,44200.48,44385.33,44183.4,44371.24,1647.7,2025-09-09 23:58:13.243063,73110574.97,892,823.85,36555287.49,0
2025-09-09 23:58:13.243063,42887.93,43411.3,42747.77,43031.37,2336.38,2025-09-10 00:58:13.243063,100537536.21,897,1168.19,50268768.1,0
2025-09-10 00:58:13.243063,42451.01,42735.26,42336.86,42651.39,1854.43,2025-09-10 01:58:13.243063,79093808.62,997,927.21,39546904.31,0
2025-09-10 01:58:13.243063,43247.37,43399.21,42996.85,43386.18,2297.75,2025-09-10 02:58:13.243063,99690819.31,518,1148.88,49845409.66,0
2025-09-10 02:58:13.243063,43682.03,43945.56,43549.11,43576.3,626.84,2025-09-10 03:58:13.243063,27315324.17,977,313.42,13657662.09,0
2025-09-10 03:58:13.243063,42798.12,42842.13,42132.67,42494.96,783.41,2025-09-10 04:58:13.243063,33290826.52,447,391.7,16645413.26,0
2025-09-10 04:58:13.243063,42584.07,42676.69,42556.5,42646.4,1246.55,2025-09-10 05:58:13.243063,53161065.16,341,623.28,26580532.58,0
2025-09-10 05:58:13.243063,42924.32,43022.71,42907.32,42979.31,2112.59,2025-09-10 06:58:13.243063,90797638.99,783,1056.29,45398819.49,0
2025-09-10 06:58:13.243063,42203.61,42632.48,42038.18,42223.85,1995.8,2025-09-10 07:58:13.243063,84270424.96,393,997.9,42135212.48,0
2025-09-10 07:58:13.243063,42288.63,42484.71,42259.41,42357.89,912.78,2025-09-10 08:58:13.243063,38663406.81,419,456.39,19331703.41,0
2025-09-10 08:58:13.243063,42450.67,42697.29,42384.91,42411.44,1735.2,2025-09-10 09:58:13.243063,73592230.25,232,867.6,36796115.13,0
2025-09-10 09:58:13.243063,41165.34,41588.2,41087.81,41446.18,766.15,2025-09-10 10:58:13.243063,31753906.21,536,383.07,15876953.11,0
2025-09-10 10:58:13.243063,41802.24,41873.16,41511.7,41746.91,756.93,2025-09-10 11:58:13.243063,31599410.08,622,378.46,15799705.04,0
2025-09-10 11:58:13.243063,42329.6,42432.72,42158.47,42219.3,1013.49,2025-09-10 12:58:13.243063,42788651.0,539,506.74,21394325.5,0
2025-09-10 12:58:13.243063,43011.42,43173.53,42939.78,43138.04,2110.81,2025-09-10 13:58:13.243063,91056406.26,151,1055.41,45528203.13,0
2025-09-10 13:58:13.243063,44129.69,44235.93,43849.58,44051.53,1649.73,2025-09-10 14:58:13.243063,72673068.92,700,824.86,36336534.46,0
2025-09-10 14:58:13.243063,42693.21,43175.07,42472.78,42842.17,1665.86,2025-09-10 15:58:13.243063,71369014.88,856,832.93,35684507.44,0
2025-09-10 15:58:13.243063,41962.35,42458.87,41668.9,42042.88,940.65,2025-09-10 16:58:13.243063,39547599.74,540,470.32,19773799.87,0
2025-09-10 16:58:13.243063,42524.24,42795.21,42270.91,42480.16,1940.12,2025-09-10 17:58:13.243063,82416684.65,425,970.06,41208342.33,0
2025-09-10 17:58:13.243063,42924.75,43289.95,42746.31,42920.92,1303.52,2025-09-10 18:58:13.243063,55948298.75,786,651.76,27974149.37,0
2025-09-10 18:58:13.243063,43415.19,43421.98,43282.16,43367.34,842.62,2025-09-10 19:58:13.243063,36542246.8,610,421.31,18271123.4,0
2025-09-10 19:58:13.243063,46806.55,46983.94,46484.61,46713.33,1496.5,2025-09-10 20:58:13.243063,69906316.45,597,748.25,34953158.23,0
2025-09-10 20:58:13.243063,47007.7,47427.22,46938.72,47251.36,1512.53,2025-09-10 21:58:13.243063,71469295.14,266,756.27,35734647.57,0
2025-09-10 21:58:13.243063,48267.48,48463.89,48223.53,48329.23,2135.16,2025-09-10 22:58:13.243063,103190454.79,357,1067.58,51595227.39,0
2025-09-10 22:58:13.243063,49312.23,49712.85,48778.44,49256.18,851.54,2025-09-10 23:58:13.243063,41943777.2,437,425.77,20971888.6,0
2025-09-10 23:58:13.243063,49770.07,50300.9,49719.47,49902.81,1510.46,2025-09-11 00:58:13.243063,75376056.75,860,755.23,37688028.37,0
2025-09-11 00:58:13.243063,49830.28,49987.87,49506.3,49593.15,882.31,2025-09-11 01:58:13.243063,43756430.26,296,441.15,21878215.13,0
2025-09-11 01:58:13.243063,50374.14,50791.0,50225.19,50350.9,577.53,2025-09-11 02:58:13.243063,29078991.02,883,288.76,14539495.51,0
2025-09-11 02:58:13.243063,49794.83,49970.63,49266.67,49577.68,839.88,2025-09-11 03:58:13.243063,41639275.27,512,419.94,20819637.63,0
2025-09-11 03:58:13.243063,49408.3,49521.14,49301.55,49347.82,1968.32,2025-09-11 04:58:13.243063,97132540.92,136,984.16,48566270.46,0
2025-09-11 04:58:13.243063,48830.37,49016.17,48772.29,48873.73,2041.6,2025-09-11 05:58:13.243063,99780688.39,521,1020.8,49890344.19,0
2025-09-11 05:58:13.243063,48679.07,49186.94,48586.28,48958.64,1252.28,2025-09-11 06:58:13.243063,61310158.33,486,626.14,30655079.17,0
2025-09-11 06:58:13.243063,51347.23,51535.79,50717.92,51229.99,1605.64,2025-09-11 07:58:13.243063,82256827.96,844,802.82,41128413.98,0
2025-09-11 07:58:13.243063,49327.17,49406.11,49306.89,49321.91,1387.02,2025-09-11 08:58:13.243063,68410718.42,559,693.51,34205359.21,0
2025-09-11 08:58:13.243063,49937.44,50311.39,49548.46,50003.8,1424.99,2025-09-11 09:58:13.243063,71255065.99,145,712.5,35627532.99,0
2025-09-11 09:58:13.243063,48253.5,48412.86,48129.22,48395.96,2324.29,2025-09-11 10:58:13.243063,112486309.16,244,1162.15,56243154.58,0
2025-09-11 10:58:13.243063,47782.69,47955.98,47728.72,47944.01,628.06,2025-09-11 11:58:13.243063,30111939.57,752,314.03,15055969.78,0
2025-09-11 11:58:13.243063,48794.07,49047.65,48694.94,48992.98,926.58,2025-09-11 12:58:13.243063,45395812.09,441,463.29,22697906.05,0
2025-09-11 12:58:13.243063,49308.12,49454.06,48868.5,49060.86,697.77,2025-09-11 13:58:13.243063,34232978.66,795,348.88,17116489.33,0
2025-09-11 13:58:13.243063,47931.41,48122.01,47683.06,48008.27,2300.01,2025-09-11 14:58:13.243063,110419590.25,448,1150.01,55209795.13,0
2025-09-11 14:58:13.243063,47350.58,47357.57,47317.19,47326.26,1469.95,2025-09-11 15:58:13.243063,69567245.6,797,734.98,34783622.8,0
2025-09-11 15:58:13.243063,47817.06,48086.71,47808.69,47974.25,2208.17,2025-09-11 16:58:13.243063,105935236.1,701,1104.08,52967618.05,0
2025-09-11 16:58:13.243063,47499.28,47719.47,47152.74,47278.27,1737.93,2025-09-11 17:58:13.243063,82166553.75,385,868.97,41083276.88,0
2025-09-11 17:58:13.243063,47792.25,47890.42,47037.89,47487.67,1679.85,2025-09-11 18:58:13.243063,79772074.61,349,839.92,39886037.3,0
2025-09-11 18:58:13.243063,47083.85,47669.57,47077.76,47535.7,1590.0,2025-09-11 19:58:13.243063,75581561.79,735,795.0,37790780.89,0
2025-09-11 19:58:13.243063,46692.41,47213.14,46456.4,46920.97,1140.57,2025-09-11 20:58:13.243063,53516443.53,171,570.28,26758221.77,0
2025-09-11 20:58:13.243063,48928.11,49154.27,48809.83,48937.58,2504.79,2025-09-11 21:58:13.243063,122578190.59,941,1252.39,61289095.29,0
2025-09-11 21:58:13.243063,49635.23,49654.98,49378.3,49562.92,668.45,2025-09-11 22:58:13.243063,33130423.65,183,334.23,16565211.82,0
2025-09-11 22:58:13.243063,47331.6,47637.86,47277.35,47560.44,2740.82,2025-09-11 23:58:13.243063,130354818.8,502,1370.41,65177409.4,0
2025-09-11 23:58:13.243063,47793.02,47981.99,47624.79,47742.55,1550.03,2025-09-12 00:58:13.243063,74002567.37,776,775.02,37001283.68,0
2025-09-12 00:58:13.243063,47410.6,47470.61,46843.14,47115.42,1952.85,2025-09-12 01:58:13.243063,92009305.79,781,976.42,46004652.9,0
2025-09-12 01:58:13.243063,47926.45,47950.03,47920.09,47923.39,1751.71,2025-09-12 02:58:13.243063,83947725.46,470,875.85,41973862.73,0
2025-09-12 02:58:13.243063,47294.98,47358.38,46751.33,47168.57,2157.31,2025-09-12 03:58:13.243063,101757388.12,382,1078.66,50878694.06,0
2025-09-12 03:58:13.243063,47023.57,47390.3,46937.21,47065.05,794.0,2025-09-12 04:58:13.243063,37369678.34,407,397.0,18684839.17,0
2025-09-12 04:58:13.243063,47221.9,47749.53,47150.03,47545.1,1765.83,2025-09-12 05:58:13.243063,83956488.75,578,882.91,41978244.38,0
2025-09-12 05:58:13.243063,48247.99,48512.39,48134.71,48373.1,1636.91,2025-09-12 06:58:13.243063,79182461.97,490,818.46,39591230.99,0
2025-09-12 06:58:13.243063,47234.19,47294.33,47161.65,47216.7,2296.74,2025-09-12 07:58:13.243063,108444698.23,409,1148.37,54222349.12,0
2025-09-12 07:58:13.243063,47204.68,47249.36,46596.59,46905.54,1845.58,2025-09-12 08:58:13.243063,86567738.4,609,922.79,43283869.2,0
2025-09-12 08:58:13.243063,46335.99,46769.97,46047.25,46464.68,1083.26,2025-09-12 09:58:13.243063,50333296.74,109,541.63,25166648.37,0
2025-09-12 09:58:13.243063,45572.81,46241.27,45494.85,45862.19,1542.32,2025-09-12 10:58:13.243063,70734041.37,517,771.16,35367020.68,0
2025-09-12 10:58:13.243063,47132.57,47542.5,47020.5,47486.13,813.61,2025-09-12 11:58:13.243063,38635058.23,635,406.8,19317529.12,0
2025-09-12 11:58:13.243063,48103.21,48229.24,47859.97,47875.5,1404.9,2025-09-12 12:58:13.243063,67260527.3,192,702.45,33630263.65,0
2025-09-12 12:58:13.243063,46510.31,46753.5,46407.89,46672.98,2386.59,2025-09-12 13:58:13.243063,111389108.74,836,1193.29,55694554.37,0
2025-09-12 13:58:13.243063,47984.07,48001.97,47411.0,47534.43,1358.53,2025-09-12 14:58:13.243063,64576848.07,412,679.26,32288424.04,0
2025-09-12 14:58:13.243063,49565.91,49581.65,49530.55,49556.7,1691.84,2025-09-12 15:58:13.243063,83841755.58,303,845.92,41920877.79,0
2025-09-12 15:58:13.243063,50710.34,50895.54,50457.05,50584.96,1254.36,2025-09-12 16:58:13.243063,63451735.09,841,627.18,31725867.55,0
2025-09-12 16:58:13.243063,49042.1,49455.45,48818.72,49052.88,1359.99,2025-09-12 17:58:13.243063,66711498.78,825,680.0,33355749.39,0
2025-09-12 17:58:13.243063,48503.26,48742.16,48481.15,48582.72,1315.06,2025-09-12 18:58:13.243063,63889174.98,533,657.53,31944587.49,0
2025-09-12 18:58:13.243063,49909.96,50237.51,49708.36,49818.58,2148.27,2025-09-12 19:58:13.243063,107023547.1,841,1074.13,53511773.55,0
2025-09-12 19:58:13.243063,49018.63,49307.37,48892.94,49118.46,2165.68,2025-09-12 20:58:13.243063,106374990.4,206,1082.84,53187495.2,0
2025-09-12 20:58:13.243063,49646.6,50022.12,49220.44,49559.36,598.27,2025-09-12 21:58:13.243063,29649778.79,528,299.13,14824889.39,0
2025-09-12 21:58:13.243063,50438.96,50537.36,50250.98,50332.13,2261.83,2025-09-12 22:58:13.243063,113842840.16,605,1130.92,56921420.08,0
2025-09-12 22:58:13.243063,49531.87,49757.19,49370.26,49404.07,798.91,2025-09-12 23:58:13.243063,39469561.51,651,399.46,19734780.75,0
2025-09-12 23:58:13.243063,49084.26,49813.34,49023.61,49350.2,1043.25,2025-09-13 00:58:13.243063,51484758.25,595,521.63,25742379.13,0
2025-09-13 00:58:13.243063,46236.29,46342.09,45771.21,46155.99,2335.39,2025-09-13 01:58:13.243063,107792137.78,436,1167.69,53896068.89,0
2025-09-13 01:58:13.243063,45225.06,45330.42,45167.1,45214.97,1348.05,2025-09-13 02:58:13.243063,60952152.95,708,674.03,30476076.47,0
2025-09-13 02:58:13.243063,45089.06,45287.21,44959.55,44991.1,810.93,2025-09-13 03:58:13.243063,36484445.94,241,405.46,18242222.97,0
2025-09-13 03:58:13.243063,44014.28,44235.77,43854.42,43872.81,939.3,2025-09-13 04:58:13.243063,41209557.8,891,469.65,20604778.9,0
2025-09-13 04:58:13.243063,45384.21,45561.96,45204.73,45309.57,2120.29,2025-09-13 05:58:13.243063,96069603.21,962,1060.15,48034801.61,0
2025-09-13 05:58:13.243063,44083.15,44115.15,43628.04,44018.12,2408.95,2025-09-13 06:58:13.243063,106037605.97,671,1204.48,53018802.99,0
2025-09-13 06:58:13.243063,43798.33,43909.94,43459.18,43635.12,1409.79,2025-09-13 07:58:13.243063,61516203.12,709,704.89,30758101.56,0
2025-09-13 07:58:13.243063,43851.96,43941.05,43433.53,43753.58,739.19,2025-09-13 08:58:13.243063,32342283.09,849,369.6,16171141.55,0
2025-09-13 08:58:13.243063,44907.83,45262.41,44638.91,45019.18,1377.65,2025-09-13 09:58:13.243063,62020527.92,923,688.82,31010263.96,0
2025-09-13 09:58:13.243063,43593.53,43840.69,43361.67,43730.85,1634.91,2025-09-13 10:58:13.243063,71495974.97,377,817.45,35747987.49,0
2025-09-13 10:58:13.243063,44622.79,45009.0,44607.01,44752.55,1120.14,2025-09-13 11:58:13.243063,50128937.16,105,560.07,25064468.58,0
2025-09-13 11:58:13.243063,44677.76,45204.15,44333.85,44766.18,1597.41,2025-09-13 12:58:13.243063,71509864.59,411,798.7,35754932.29,0
2025-09-13 12:58:13.243063,44151.94,44186.45,43538.37,43891.89,1315.21,2025-09-13 13:58:13.243063,57727162.8,804,657.61,28863581.4,0
2025-09-13 13:58:13.243063,43877.54,44419.74,43863.19,44301.93,1536.58,2025-09-13 14:58:13.243063,68073314.39,693,768.29,34036657.2,0
2025-09-13 14:58:13.243063,44766.69,44788.8,44429.18,44482.74,803.27,2025-09-13 15:58:13.243063,35731760.8,660,401.64,17865880.4,0
2025-09-13 15:58:13.243063,43945.44,44051.07,43818.17,43953.2,1259.81,2025-09-13 16:58:13.243063,55372590.49,244,629.9,27686295.24,0
2025-09-13 16:58:13.243063,44031.26,44094.2,43834.89,44018.95,1874.58,2025-09-13 17:58:13.243063,82516966.4,175,937.29,41258483.2,0
2025-09-13 17:58:13.243063,43643.92,43855.86,43640.34,43684.13,1606.11,2025-09-13 18:58:13.243063,70161418.56,642,803.05,35080709.28,0
2025-09-13 18:58:13.243063,43689.42,43859.06,43685.3,43787.68,1793.96,2025-09-13 19:58:13.243063,78553315.46,977,896.98,39276657.73,0
2025-09-13 19:58:13.243063,44410.6,44432.03,44269.21,44371.92,2141.83,2025-09-13 20:58:13.243063,95037137.33,477,1070.92,47518568.66,0
2025-09-13 20:58:13.243063,45789.47,45807.03,45765.82,45783.85,1435.98,2025-09-13 21:58:13.243063,65744474.88,125,717.99,32872237.44,0
2025-09-13 21:58:13.243063,44858.99,44915.44,44649.94,44654.99,1196.26,2025-09-13 22:58:13.243063,53419128.6,136,598.13,26709564.3,0
2025-09-13 22:58:13.243063,46826.4,46838.43,46379.29,46564.47,1879.16,2025-09-13 23:58:13.243063,87501891.68,347,939.58,43750945.84,0
2025-09-13 23:58:13.243063,45026.61,45068.65,44629.67,44751.17,1475.68,2025-09-14 00:58:13.243063,66038254.24,594,737.84,33019127.12,0
2025-09-14 00:58:13.243063,44606.7,44642.36,44429.66,44619.79,1758.63,2025-09-14 01:58:13.243063,78469652.6,301,879.31,39234826.3,0
2025-09-14 01:58:13.243063,45218.55,45251.34,44780.26,45149.26,719.35,2025-09-14 02:58:13.243063,32477982.65,505,359.67,16238991.32,0
2025-09-14 02:58:13.243063,45057.97,45560.74,45012.15,45407.51,863.4,2025-09-14 03:58:13.243063,39204944.29,777,431.7,19602472.15,0
2025-09-14 03:58:13.243063,44733.49,44869.55,44625.66,44846.55,1125.34,2025-09-14 04:58:13.243063,50467593.01,455,562.67,25233796.51,0
2025-09-14 04:58:13.243063,44768.9,44901.05,44592.29,44664.36,1777.54,2025-09-14 05:58:13.243063,79392735.34,784,888.77,39696367.67,0
2025-09-14 05:58:13.243063,44198.38,44296.5,44162.42,44228.44,1143.27,2025-09-14 06:58:13.243063,50565203.38,467,571.64,25282601.69,0
2025-09-14 06:58:13.243063,43697.91,44008.63,43686.75,43711.52,1215.01,2025-09-14 07:58:13.243063,53109849.06,727,607.5,26554924.53,0
2025-09-14 07:58:13.243063,44269.89,44544.64,44173.44,44458.64,2141.76,2025-09-14 08:58:13.243063,95219952.92,906,1070.88,47609976.46,0
2025-09-14 08:58:13.243063,44774.66,44913.66,44677.55,44780.54,923.12,2025-09-14 09:58:13.243063,41337889.64,705,461.56,20668944.82,0
2025-09-14 09:58:13.243063,44412.97,44529.27,43867.17,44164.44,1246.21,2025-09-14 10:58:13.243063,55038059.99,240,623.1,27519030.0,0
2025-09-14 10:58:13.243063,45132.91,45295.27,44801.38,44963.46,1069.87,2025-09-14 11:58:13.243063,48105204.54,173,534.94,24052602.27,0
2025-09-14 11:58:13.243063,45687.37,45693.39,45173.63,45244.3,2088.71,2025-09-14 12:58:13.243063,94502276.4,814,1044.36,47251138.2,0
2025-09-14 12:58:13.243063,46211.43,46287.61,45718.67,45984.38,1086.96,2025-09-14 13:58:13.243063,49983267.35,520,543.48,24991633.67,0
2025-09-14 13:58:13.243063,46581.71,46856.47,46376.55,46568.04,1121.77,2025-09-14 14:58:13.243063,52238733.78,607,560.89,26119366.89,0
2025-09-14 14:58:13.243063,46158.57,46190.17,45708.3,45800.6,1786.37,2025-09-14 15:58:13.243063,81816926.2,840,893.19,40908463.1,0
2025-09-14 15:58:13.243063,44948.79,45543.96,44938.99,45292.05,1919.39,2025-09-14 16:58:13.243063,86933260.4,136,959.7,43466630.2,0
2025-09-14 16:58:13.243063,45771.88,46382.63,45517.46,45973.5,938.17,2025-09-14 17:58:13.243063,43131127.61,788,469.09,21565563.81,0
2025-09-14 17:58:13.243063,46190.03,46657.08,46136.49,46539.32,773.72,2025-09-14 18:58:13.243063,36008520.44,981,386.86,18004260.22,0
2025-09-14 18:58:13.243063,46359.97,46838.02,46130.51,46524.52,1519.54,2025-09-14 19:58:13.243063,70696002.74,634,759.77,35348001.37,0
2025-09-14 19:58:13.243063,46665.02,46919.64,46320.02,46638.34,1171.57,2025-09-14 20:58:13.243063,54640181.62,348,585.79,27320090.81,0
2025-09-14 20:58:13.243063,48056.01,48202.42,47726.53,47834.77,1068.05,2025-09-14 21:58:13.243063,51090024.92,662,534.03,25545012.46,0
2025-09-14 21:58:13.243063,47197.57,47626.77,47170.21,47273.6,778.17,2025-09-14 22:58:13.243063,36786679.06,645,389.08,18393339.53,0
2025-09-14 22:58:13.243063,48087.94,48201.59,47774.09,47795.59,1123.72,2025-09-14 23:58:13.243063,53708865.18,530,561.86,26854432.59,0
2025-09-14 23:58:13.243063,47728.37,48049.3,47449.05,47607.09,541.05,2025-09-15 00:58:13.243063,25757927.86,173,270.53,12878963.93,0
2025-09-15 00:58:13.243063,47477.12,47527.18,47391.39,47404.59,1188.07,2025-09-15 01:58:13.243063,56320054.24,593,594.04,28160027.12,0
2025-09-15 01:58:13.243063,48459.04,48535.69,48307.69,48451.07,2377.98,2025-09-15 02:58:13.243063,115215459.34,145,1188.99,57607729.67,0
2025-09-15 02:58:13.243063,49379.17,49694.33,48971.62,49255.76,1458.09,2025-09-15 03:58:13.243063,71819399.81,162,729.05,35909699.91,0
2025-09-15 03:58:13.243063,49879.17,50107.08,49761.26,50062.09,2182.99,2025-09-15 04:58:13.243063,109285086.85,465,1091.5,54642543.42,0
2025-09-15 04:58:13.243063,51136.32,51447.81,51007.02,51374.2,1625.84,2025-09-15 05:58:13.243063,83526154.23,728,812.92,41763077.11,0
2025-09-15 05:58:13.243063,51582.11,51863.66,50993.72,51400.91,1527.35,2025-09-15 06:58:13.243063,78507294.32,951,763.68,39253647.16,0
2025-09-15 06:58:13.243063,52148.61,52261.26,52106.54,52107.12,940.44,2025-09-15 07:58:13.243063,49003443.72,695,470.22,24501721.86,0
2025-09-15 07:58:13.243063,51491.96,52117.18,51481.64,51788.98,1690.44,2025-09-15 08:58:13.243063,87545924.79,391,845.22,43772962.39,0
2025-09-15 08:58:13.243063,52058.05,52476.62,51839.78,52129.93,748.07,2025-09-15 09:58:13.243063,38996857.31,184,374.04,19498428.65,0
2025-09-15 09:58:13.243063,52113.16,52431.84,51521.89,51999.45,671.55,2025-09-15 10:58:13.243063,34920165.26,461,335.77,17460082.63,0
2025-09-15 10:58:13.243063,51792.14,52485.35,51699.2,52105.53,510.25,2025-09-15 11:58:13.243063,26586669.42,740,255.12,13293334.71,0
2025-09-15 11:58:13.243063,52600.92,52918.99,52596.77,52730.96,1467.74,2025-09-15 12:58:13.243063,77395555.95,866,733.87,38697777.97,0
2025-09-15 12:58:13.243063,51986.39,52370.08,51579.85,51873.32,729.66,2025-09-15 13:58:13.243063,37849758.66,593,364.83,18924879.33,0
2025-09-15 13:58:13.243063,53928.53,54254.66,53721.14,54049.29,1221.39,2025-09-15 14:58:13.243063,66015126.48,185,610.69,33007563.24,0
2025-09-15 14:58:13.243063,52954.58,53134.01,52916.01,52967.2,2377.61,2025-09-15 15:58:13.243063,125935255.76,499,1188.8,62967627.88,0
2025-09-15 15:58:13.243063,51957.94,51961.16,51234.72,51686.26,1706.37,2025-09-15 16:58:13.243063,88196086.47,831,853.19,44098043.23,0
2025-09-15 16:58:13.243063,52861.64,53061.51,52726.89,52888.59,1859.73,2025-09-15 17:58:13.243063,98358617.02,713,929.87,49179308.51,0
2025-09-15 17:58:13.243063,53812.09,53900.66,53659.71,53731.28,802.82,2025-09-15 18:58:13.243063,43136804.41,620,401.41,21568402.2,0
2025-09-15 18:58:13.243063,54597.64,54784.62,54026.17,54407.35,2036.94,2025-09-15 19:58:13.243063,110824563.75,549,1018.47,55412281.87,0
2025-09-15 19:58:13.243063,54894.14,55498.86,54755.38,55096.52,606.75,2025-09-15 20:58:13.243063,33429822.84,356,303.38,16714911.42,0
2025-09-15 20:58:13.243063,55244.97,55332.6,54748.58,55088.54,795.52,2025-09-15 21:58:13.243063,43824027.12,212,397.76,21912013.56,0
2025-09-15 21:58:13.243063,54324.43,54626.77,54047.02,54105.48,1624.31,2025-09-15 22:58:13.243063,87884206.45,587,812.16,43942103.23,0
2025-09-15 22:58:13.243063,54170.19,54239.54,54162.01,54192.92,1400.66,2025-09-15 23:58:13.243063,75905710.95,589,700.33,37952855.47,0
2025-09-15 23:58:13.243063,53505.52,53589.36,53123.41,53464.39,637.97,2025-09-16 00:58:13.243063,34108619.52,548,318.98,17054309.76,0
2025-09-16 00:58:13.243063,54532.86,54888.18,54374.88,54512.42,1698.9,2025-09-16 01:58:13.243063,92611170.16,908,849.45,46305585.08,0
2025-09-16 01:58:13.243063,54593.51,54797.8,54040.57,54357.54,1076.99,2025-09-16 02:58:13.243063,58542373.31,676,538.49,29271186.65,0
2025-09-16 02:58:13.243063,53610.15,53714.78,53363.99,53465.54,1553.72,2025-09-16 03:58:13.243063,83070472.03,422,776.86,41535236.02,0
2025-09-16 03:58:13.243063,53272.5,53611.39,53116.1,53127.22,622.36,2025-09-16 04:58:13.243063,33064237.54,789,311.18,16532118.77,0
2025-09-16 04:58:13.243063,53767.86,53947.42,53393.78,53571.29,1185.34,2025-09-16 05:58:13.243063,63500269.12,780,592.67,31750134.56,0
2025-09-16 05:58:13.243063,53183.3,53213.25,52754.26,52972.66,974.24,2025-09-16 06:58:13.243063,51608232.96,208,487.12,25804116.48,0
2025-09-16 06:58:13.243063,51907.7,52411.44,51601.77,52106.85,689.99,2025-09-16 07:58:13.243063,35953025.45,405,344.99,17976512.73,0
2025-09-16 07:58:13.243063,52511.38,52630.96,52281.23,52366.02,2095.93,2025-09-16 08:58:13.243063,109755567.36,506,1047.97,54877783.68,0
2025-09-16 08:58:13.243063,52462.71,52814.5,52416.93,52627.81,1916.14,2025-09-16 09:58:13.243063,100842457.1,473,958.07,50421228.55,0
2025-09-16 09:58:13.243063,51996.91,52301.26,51755.8,52099.49,1620.16,2025-09-16 10:58:13.243063,84409378.21,155,810.08,42204689.1,0
2025-09-16 10:58:13.243063,51715.86,52033.88,51128.45,51613.88,2111.91,2025-09-16 11:58:13.243063,109003982.11,236,1055.96,54501991.06,0
2025-09-16 11:58:13.243063,51872.08,52106.17,51546.5,51858.59,1154.45,2025-09-16 12:58:13.243063,59868020.21,404,577.22,29934010.11,0
2025-09-16 12:58:13.243063,50207.05,50425.73,50164.57,50361.86,2063.78,2025-09-16 13:58:13.243063,103935920.62,287,1031.89,51967960.31,0
2025-09-16 13:58:13.243063,48856.87,48977.91,48678.87,48949.25,2314.96,2025-09-16 14:58:13.243063,113315737.46,619,1157.48,56657868.73,0
2025-09-16 14:58:13.243063,48162.73,48417.49,47863.33,48250.79,707.23,2025-09-16 15:58:13.243063,34124576.76,609,353.62,17062288.38,0
2025-09-16 15:58:13.243063,48044.93,48485.94,47859.21,48049.64,745.02,2025-09-16 16:58:13.243063,35797973.4,236,372.51,17898986.7,0
2025-09-16 16:58:13.243063,48105.28,48562.48,48065.19,48353.22,2029.99,2025-09-16 17:58:13.243063,98156499.09,779,1014.99,49078249.55,0
2025-09-16 17:58:13.243063,49428.88,50076.87,49372.39,49784.82,1575.06,2025-09-16 18:58:13.243063,78414153.42,667,787.53,39207076.71,0
2025-09-16 18:58:13.243063,50473.2,51063.43,50246.99,50643.77,2241.08,2025-09-16 19:58:13.243063,113496947.43,211,1120.54,56748473.72,0
2025-09-16 19:58:13.243063,50161.75,50928.67,49996.64,50486.84,1632.16,2025-09-16 20:58:13.243063,82402381.25,136,816.08,41201190.62,0
2025-09-16 20:58:13.243063,50482.23,50677.31,50212.1,50472.69,1909.24,2025-09-16 21:58:13.243063,96364620.79,705,954.62,48182310.39,0
2025-09-16 21:58:13.243063,49672.2,49703.79,49065.21,49465.73,639.46,2025-09-16 22:58:13.243063,31631137.87,984,319.73,15815568.94,0
2025-09-16 22:58:13.243063,49174.46,49494.95,49049.62,49452.36,700.16,2025-09-16 23:58:13.243063,34624396.68,495,350.08,17312198.34,0
2025-09-16 23:58:13.243063,49011.98,49488.45,48984.48,49171.81,1478.57,2025-09-17 00:58:13.243063,72703969.75,912,739.29,36351984.88,0
2025-09-17 00:58:13.243063,49518.35,49683.76,49387.02,49494.1,610.07,2025-09-17 01:58:13.243063,30194899.09,838,305.04,15097449.54,0
2025-09-17 01:58:13.243063,48637.06,49082.45,48393.94,48680.18,1979.18,2025-09-17 02:58:13.243063,96346853.2,599,989.59,48173426.6,0
2025-09-17 02:58:13.243063,49442.41,49596.97,48880.07,49190.69,1544.44,2025-09-17 03:58:13.243063,75971846.04,472,772.22,37985923.02,0
2025-09-17 03:58:13.243063,50889.09,51189.25,50429.17,50703.54,1086.22,2025-09-17 04:58:13.243063,55075252.33,663,543.11,27537626.16,0
2025-09-17 04:58:13.243063,50527.6,50887.54,50504.79,50598.32,1435.73,2025-09-17 05:58:13.243063,72645398.21,787,717.86,36322699.1,0
2025-09-17 05:58:13.243063,51149.27,51276.88,50894.22,51009.9,670.6,2025-09-17 06:58:13.243063,34207427.92,497,335.3,17103713.96,0
2025-09-17 06:58:13.243063,51660.07,51803.57,51623.68,51719.08,1230.22,2025-09-17 07:58:13.243063,63625854.21,146,615.11,31812927.1,0
2025-09-17 07:58:13.243063,51272.22,51513.34,51046.69,51309.24,1159.3,2025-09-17 08:58:13.243063,59482711.09,855,579.65,29741355.54,0
2025-09-17 08:58:13.243063,51304.49,51619.24,51283.67,51544.33,634.53,2025-09-17 09:58:13.243063,32706585.07,616,317.27,16353292.54,0
2025-09-17 09:58:13.243063,51525.12,51854.32,51109.73,51562.47,1946.51,2025-09-17 10:58:13.243063,100366920.35,143,973.26,50183460.18,0
2025-09-17 10:58:13.243063,51659.18,51718.99,51645.58,51668.35,1338.85,2025-09-17 11:58:13.243063,69175934.11,681,669.42,34587967.06,0
2025-09-17 11:58:13.243063,50818.29,50897.91,50393.45,50874.71,1090.06,2025-09-17 12:58:13.243063,55456495.25,169,545.03,27728247.62,0
2025-09-17 12:58:13.243063,50858.75,50991.22,50840.12,50904.74,1285.38,2025-09-17 13:58:13.243063,65432159.48,321,642.69,32716079.74,0
2025-09-17 13:58:13.243063,51382.24,51600.98,50908.07,51416.84,2116.97,2025-09-17 14:58:13.243063,108847987.09,228,1058.49,54423993.54,0
2025-09-17 14:58:13.243063,52658.77,53116.45,52620.71,52914.25,653.72,2025-09-17 15:58:13.243063,34591354.24,703,326.86,17295677.12,0
2025-09-17 15:58:13.243063,53991.14,54280.88,53713.16,53934.72,1339.77,2025-09-17 16:58:13.243063,72260197.86,121,669.89,36130098.93,0
2025-09-17 16:58:13.243063,56191.49,56451.43,56163.11,56262.74,2770.33,2025-09-17 17:58:13.243063,155866470.62,639,1385.17,77933235.31,0
2025-09-17 17:58:13.243063,55457.59,55808.62,55230.18,55404.9,985.81,2025-09-17 18:58:13.243063,54618501.92,187,492.9,27309250.96,0
2025-09-17 18:58:13.243063,56300.47,56477.99,55927.45,56377.06,1552.07,2025-09-17 19:58:13.243063,87501425.75,527,776.04,43750712.87,0
2025-09-17 19:58:13.243063,56706.29,57111.42,56548.26,56589.42,1063.51,2025-09-17 20:58:13.243063,60183610.15,804,531.76,30091805.08,0
2025-09-17 20:58:13.243063,59568.22,59659.79,58931.3,59073.48,2512.33,2025-09-17 21:58:13.243063,148412093.56,302,1256.17,74206046.78,0
2025-09-17 21:58:13.243063,58346.27,58356.51,57886.28,58124.4,895.26,2025-09-17 22:58:13.243063,52036496.86,819,447.63,26018248.43,0
2025-09-17 22:58:13.243063,56992.0,57345.06,56736.33,57154.05,1595.84,2025-09-17 23:58:13.243063,91208873.61,849,797.92,45604436.81,0
2025-09-17 23:58:13.243063,56041.55,56928.76,55985.3,56474.61,1720.92,2025-09-18 00:58:13.243063,97188289.85,225,860.46,48594144.92,0
2025-09-18 00:58:13.243063,53994.71,54306.22,53784.65,54081.34,1821.61,2025-09-18 01:58:13.243063,98514991.7,996,910.8,49257495.85,0
2025-09-18 01:58:13.243063,53328.39,53590.44,53156.58,53518.07,772.37,2025-09-18 02:58:13.243063,41335746.23,242,386.18,20667873.12,0
2025-09-18 02:58:13.243063,53121.64,53211.25,52247.23,52710.88,2287.04,2025-09-18 03:58:13.243063,120551708.12,287,1143.52,60275854.06,0
2025-09-18 03:58:13.243063,52782.97,53062.63,52520.85,52874.7,1162.63,2025-09-18 04:58:13.243063,61473614.95,422,581.31,30736807.48,0
2025-09-18 04:58:13.243063,53035.46,53557.53,52934.94,53241.39,1291.36,2025-09-18 05:58:13.243063,68753744.08,598,645.68,34376872.04,0
2025-09-18 05:58:13.243063,55448.45,55559.56,55128.44,55244.51,740.14,2025-09-18 06:58:13.243063,40888500.37,419,370.07,20444250.18,0
2025-09-18 06:58:13.243063,56180.31,56739.41,55982.68,56300.15,1837.16,2025-09-18 07:58:13.243063,103432638.44,610,918.58,51716319.22,0
2025-09-18 07:58:13.243063,55767.06,56099.34,55247.1,55656.19,1373.21,2025-09-18 08:58:13.243063,76427856.61,219,686.61,38213928.3,0
2025-09-18 08:58:13.243063,54655.52,54804.55,54432.62,54661.7,1497.59,2025-09-18 09:58:13.243063,81860794.41,359,748.79,40930397.2,0
2025-09-18 09:58:13.243063,55010.27,55208.52,54931.0,55204.95,1761.12,2025-09-18 10:58:13.243063,97222363.15,121,880.56,48611181.57,0
2025-09-18 10:58:13.243063,53389.83,54067.17,53246.74,53752.81,1525.1,2025-09-18 11:58:13.243063,81978204.19,182,762.55,40989102.09,0
2025-09-18 11:58:13.243063,55687.32,56075.78,55420.31,55727.1,1752.96,2025-09-18 12:58:13.243063,97687248.77,906,876.48,48843624.39,0
2025-09-18 12:58:13.243063,57141.92,57159.19,57034.34,57047.21,1689.19,2025-09-18 13:58:13.243063,96363453.19,901,844.59,48181726.6,0
2025-09-18 13:58:13.243063,56401.43,56854.99,56059.73,56517.61,1775.63,2025-09-18 14:58:13.243063,100354224.71,921,887.81,50177112.35,0
2025-09-18 14:58:13.243063,54598.61,54899.12,54488.13,54586.82,1070.57,2025-09-18 15:58:13.243063,58439218.29,322,535.29,29219609.14,0
2025-09-18 15:58:13.243063,56043.13,56242.16,55759.08,56070.35,1449.5,2025-09-18 16:58:13.243063,81274221.21,653,724.75,40637110.61,0
2025-09-18 16:58:13.243063,55914.68,55993.15,55898.39,55947.51,1305.1,2025-09-18 17:58:13.243063,73016830.47,292,652.55,36508415.24,0
2025-09-18 17:58:13.243063,57426.85,57500.59,57108.63,57338.16,650.24,2025-09-18 18:58:13.243063,37283751.78,684,325.12,18641875.89,0
2025-09-18 18:58:13.243063,55832.01,55886.79,55072.08,55515.46,698.75,2025-09-18 19:58:13.243063,38791531.16,238,349.38,19395765.58,0
2025-09-18 19:58:13.243063,55020.46,55341.64,54604.0,54855.52,1672.2,2025-09-18 20:58:13.243063,91729642.85,711,836.1,45864821.43,0
2025-09-18 20:58:13.243063,55081.84,55377.98,54319.77,54866.76,932.74,2025-09-18 21:58:13.243063,51176359.02,891,466.37,25588179.51,0
2025-09-18 21:58:13.243063,54935.04,54950.83,54796.88,54923.8,893.48,2025-09-18 22:58:13.243063,49073340.99,298,446.74,24536670.49,0
2025-09-18 22:58:13.243063,54238.7,54510.1,53967.25,54434.91,1646.96,2025-09-18 23:58:13.243063,89651997.48,315,823.48,44825998.74,0
2025-09-18 23:58:13.243063,54961.1,55536.27,54699.54,55118.45,1256.16,2025-09-19 00:58:13.243063,69237756.01,288,628.08,34618878.0,0
2025-09-19 00:58:13.243063,54416.59,54473.87,53598.76,53947.05,1158.06,2025-09-19 01:58:13.243063,62473671.66,803,579.03,31236835.83,0
2025-09-19 01:58:13.243063,54183.9,54210.84,53426.72,53798.82,1120.29,2025-09-19 02:58:13.243063,60270329.73,217,560.15,30135164.87,0
2025-09-19 02:58:13.243063,53974.82,54295.91,53540.29,53933.64,830.53,2025-09-19 03:58:13.243063,44793526.13,554,415.27,22396763.06,0
2025-09-19 03:58:13.243063,54521.07,54664.07,54261.0,54493.94,1785.89,2025-09-19 04:58:13.243063,97320405.67,309,892.95,48660202.84,0
2025-09-19 04:58:13.243063,55200.24,55499.01,55126.19,55274.97,1915.16,2025-09-19 05:58:13.243063,105860313.58,918,957.58,52930156.79,0
2025-09-19 05:58:13.243063,54174.84,54237.26,53631.23,54037.2,2165.36,2025-09-19 06:58:13.243063,117009854.66,264,1082.68,58504927.33,0
2025-09-19 06:58:13.243063,52424.18,52885.57,52187.3,52384.62,775.2,2025-09-19 07:58:13.243063,40608442.36,537,387.6,20304221.18,0
2025-09-19 07:58:13.243063,53655.82,53787.04,53594.93,53728.47,2152.75,2025-09-19 08:58:13.243063,115663751.65,887,1076.37,57831875.82,0
2025-09-19 08:58:13.243063,54164.87,54254.55,53626.46,54090.94,1758.09,2025-09-19 09:58:13.243063,95096525.69,232,879.04,47548262.84,0
2025-09-19 09:58:13.243063,53377.83,53654.47,52783.05,53286.62,1145.74,2025-09-19 10:58:13.243063,61052598.43,550,572.87,30526299.22,0
2025-09-19 10:58:13.243063,54740.74,55299.86,54664.53,54945.06,1269.4,2025-09-19 11:58:13.243063,69747096.87,822,634.7,34873548.44,0
2025-09-19 11:58:13.243063,55525.93,55552.12,55002.05,55077.67,1017.21,2025-09-19 12:58:13.243063,56025313.92,696,508.6,28012656.96,0
2025-09-19 12:58:13.243063,56758.3,56806.13,55924.45,56382.24,1198.99,2025-09-19 13:58:13.243063,67601512.66,872,599.49,33800756.33,0
2025-09-19 13:58:13.243063,56416.47,56538.37,56065.92,56464.01,1538.58,2025-09-19 14:58:13.243063,86874455.78,327,769.29,43437227.89,0
2025-09-19 14:58:13.243063,58730.4,59310.14,58697.54,58796.82,2227.4,2025-09-19 15:58:13.243063,130964207.58,527,1113.7,65482103.79,0
2025-09-19 15:58:13.243063,60759.75,61383.69,60633.51,60866.87,2372.42,2025-09-19 16:58:13.243063,144402048.8,594,1186.21,72201024.4,0
2025-09-19 16:58:13.243063,60415.14,60684.48,60133.55,60569.88,1475.1,2025-09-19 17:58:13.243063,89346339.59,514,737.55,44673169.79,0
2025-09-19 17:58:13.243063,61967.06,62264.65,61240.62,61752.9,786.64,2025-09-19 18:58:13.243063,48577223.47,854,393.32,24288611.74,0
2025-09-19 18:58:13.243063,62430.76,62975.91,62120.12,62556.15,2055.52,2025-09-19 19:58:13.243063,128585147.47,752,1027.76,64292573.73,0
2025-09-19 19:58:13.243063,64309.1,64347.1,64012.64,64274.73,727.61,2025-09-19 20:58:13.243063,46766776.93,965,363.8,23383388.46,0
2025-09-19 20:58:13.243063,62866.26,63468.91,62642.73,63040.76,1040.83,2025-09-19 21:58:13.243063,65614481.92,947,520.41,32807240.96,0
2025-09-19 21:58:13.243063,63686.19,64102.68,63416.4,63912.05,806.86,2025-09-19 22:58:13.243063,51567803.09,109,403.43,25783901.55,0
2025-09-19 22:58:13.243063,65000.69,65626.6,64634.45,65271.36,1256.09,2025-09-19 23:58:13.243063,81986379.2,409,628.04,40993189.6,0
2025-09-19 23:58:13.243063,63237.13,63309.83,62704.44,62981.98,1699.62,2025-09-20 00:58:13.243063,107045474.0,556,849.81,53522737.0,0
2025-09-20 00:58:13.243063,61065.78,61582.89,60893.44,61497.8,753.8,2025-09-20 01:58:13.243063,46357317.38,696,376.9,23178658.69,0
2025-09-20 01:58:13.243063,59002.56,59347.02,58750.86,58995.78,2360.12,2025-09-20 02:58:13.243063,139237113.29,276,1180.06,69618556.64,0
2025-09-20 02:58:13.243063,58664.27,59165.16,58303.1,58683.8,1249.82,2025-09-20 03:58:13.243063,73343921.4,330,624.91,36671960.7,0
2025-09-20 03:58:13.243063,59468.14,59979.58,59226.51,59531.84,1595.53,2025-09-20 04:58:13.243063,94984877.68,996,797.77,47492438.84,0
2025-09-20 04:58:13.243063,61048.82,61593.48,60761.92,61326.55,757.59,2025-09-20 05:58:13.243063,46460091.73,283,378.79,23230045.86,0
2025-09-20 05:58:13.243063,61288.74,61680.74,61288.65,61423.56,1902.12,2025-09-20 06:58:13.243063,116835190.84,859,951.06,58417595.42,0
2025-09-20 06:58:13.243063,63393.45,63901.25,63323.97,63430.41,797.9,2025-09-20 07:58:13.243063,50611171.8,751,398.95,25305585.9,0
2025-09-20 07:58:13.243063,61520.27,62258.89,61420.37,61685.95,1617.48,2025-09-20 08:58:13.243063,99775600.71,413,808.74,49887800.36,0
2025-09-20 08:58:13.243063,59647.01,59813.98,59220.37,59590.62,892.1,2025-09-20 09:58:13.243063,53160661.43,132,446.05,26580330.71,0
2025-09-20 09:58:13.243063,59431.15,60122.31,59391.83,59530.38,792.75,2025-09-20 10:58:13.243063,47192533.04,135,396.37,23596266.52,0
2025-09-20 10:58:13.243063,59756.7,60228.66,59512.21,59993.6,1257.03,2025-09-20 11:58:13.243063,75413551.11,708,628.51,37706775.55,0
2025-09-20 11:58:13.243063,60155.43,60265.51,59443.84,59960.37,517.72,2025-09-20 12:58:13.243063,31042554.9,800,258.86,15521277.45,0
2025-09-20 12:58:13.243063,57321.31,57751.94,56918.62,57487.07,2797.21,2025-09-20 13:58:13.243063,160803584.98,779,1398.61,80401792.49,0
2025-09-20 13:58:13.243063,57529.48,57533.03,57081.37,57390.36,1816.35,2025-09-20 14:58:13.243063,104240895.83,187,908.17,52120447.92,0
2025-09-20 14:58:13.243063,55709.75,56293.67,55705.64,55898.82,1392.46,2025-09-20 15:58:13.243063,77836967.3,311,696.23,38918483.65,0
2025-09-20 15:58:13.243063,57004.03,57117.0,56461.98,56653.09,568.49,2025-09-20 16:58:13.243063,32206440.32,377,284.24,16103220.16,0
2025-09-20 16:58:13.243063,56959.3,57211.77,56940.82,57074.13,838.71,2025-09-20 17:58:13.243063,47868457.81,599,419.35,23934228.91,0
2025-09-20 17:58:13.243063,55922.81,56170.16,55773.21,56006.98,2153.01,2025-09-20 18:58:13.243063,120583316.18,914,1076.5,60291658.09,0
2025-09-20 18:58:13.243063,55302.68,55710.26,55253.95,55436.98,2126.54,2025-09-20 19:58:13.243063,117888818.36,154,1063.27,58944409.18,0
2025-09-20 19:58:13.243063,54209.96,54429.66,54106.38,54268.13,903.81,2025-09-20 20:58:13.243063,49048059.73,804,451.9,24524029.86,0
2025-09-20 20:58:13.243063,53912.22,54271.93,53861.37,54205.53,612.79,2025-09-20 21:58:13.243063,33216708.25,918,306.4,16608354.13,0
2025-09-20 21:58:13.243063,55097.03,55351.47,54792.72,55246.43,735.23,2025-09-20 22:58:13.243063,40618556.07,959,367.61,20309278.03,0
2025-09-20 22:58:13.243063,53798.37,54296.56,53697.19,54162.8,2130.23,2025-09-20 23:58:13.243063,115379329.02,111,1065.12,57689664.51,0
2025-09-20 23:58:13.243063,54948.53,54994.24,54293.23,54714.22,2053.56,2025-09-21 00:58:13.243063,112358706.78,837,1026.78,56179353.39,0
2025-09-21 00:58:13.243063,54198.89,54620.3,54031.59,54139.44,1031.51,2025-09-21 01:58:13.243063,55845561.85,439,515.76,27922780.93,0
2025-09-21 01:58:13.243063,53076.07,53495.93,52996.17,53286.34,1779.04,2025-09-21 02:58:13.243063,94798621.33,250,889.52,47399310.66,0
2025-09-21 02:58:13.243063,53254.54,53342.62,52909.94,53177.61,1642.04,2025-09-21 03:58:13.243063,87319829.8,680,821.02,43659914.9,0
2025-09-21 03:58:13.243063,51828.99,52163.02,51796.98,52081.89,1285.7,2025-09-21 04:58:13.243063,66961771.72,472,642.85,33480885.86,0
2025-09-21 04:58:13.243063,51523.73,51530.9,51369.26,51510.4,2142.28,2025-09-21 05:58:13.243063,110349526.26,417,1071.14,55174763.13,0
2025-09-21 05:58:13.243063,50235.25,50303.16,50191.43,50281.48,2380.13,2025-09-21 06:58:13.243063,119676617.09,227,1190.07,59838308.54,0
2025-09-21 06:58:13.243063,52652.79,52661.33,52205.5,52262.3,1494.9,2025-09-21 07:58:13.243063,78126968.67,797,747.45,39063484.33,0
2025-09-21 07:58:13.243063,52073.53,52483.57,51976.08,52304.38,724.82,2025-09-21 08:58:13.243063,37911350.85,944,362.41,18955675.43,0
2025-09-21 08:58:13.243063,51702.2,52050.94,51119.9,51577.64,1950.33,2025-09-21 09:58:13.243063,100593532.19,162,975.17,50296766.09,0
2025-09-21 09:58:13.243063,51854.56,51976.96,51641.02,51803.53,1079.22,2025-09-21 10:58:13.243063,55907348.77,233,539.61,27953674.38,0
2025-09-21 10:58:13.243063,51550.04,52000.66,51271.36,51692.33,713.39,2025-09-21 11:58:13.243063,36877034.7,277,356.7,18438517.35,0
2025-09-21 11:58:13.243063,51492.48,51591.28,51314.7,51469.05,1461.95,2025-09-21 12:58:13.243063,75245227.32,726,730.98,37622613.66,0
2025-09-21 12:58:13.243063,51803.23,52295.29,51677.05,52106.41,1352.6,2025-09-21 13:58:13.243063,70479237.85,820,676.3,35239618.92,0
2025-09-21 13:58:13.243063,52978.5,52996.34,52842.92,52901.04,1169.09,2025-09-21 14:58:13.243063,61846140.04,715,584.55,30923070.02,0
2025-09-21 14:58:13.243063,52102.21,52358.32,51983.84,52345.05,644.95,2025-09-21 15:58:13.243063,33759884.11,648,322.47,16879942.06,0
2025-09-21 15:58:13.243063,51573.47,51872.07,51547.29,51747.46,803.03,2025-09-21 16:58:13.243063,41554643.99,368,401.51,20777321.99,0
2025-09-21 16:58:13.243063,51002.3,51514.17,50999.18,51467.97,1292.0,2025-09-21 17:58:13.243063,66496392.09,210,646.0,33248196.05,0
2025-09-21 17:58:13.243063,48746.84,49254.69,48648.88,49103.61,2843.97,2025-09-21 18:58:13.243063,139649333.0,285,1421.99,69824666.5,0
2025-09-21 18:58:13.243063,47902.76,47973.63,47360.16,47620.49,1733.0,2025-09-21 19:58:13.243063,82526301.02,581,866.5,41263150.51,0
2025-09-21 19:58:13.243063,49007.93,49022.71,48845.75,48927.08,1263.87,2025-09-21 20:58:13.243063,61837496.67,434,631.94,30918748.33,0
2025-09-21 20:58:13.243063,50899.05,50925.67,50370.4,50541.64,2137.16,2025-09-21 21:58:13.243063,108015350.47,637,1068.58,54007675.23,0
2025-09-21 21:58:13.243063,50390.32,50738.01,50270.01,50294.96,1256.0,2025-09-21 22:58:13.243063,63170664.14,304,628.0,31585332.07,0
2025-09-21 22:58:13.243063,50770.85,51258.45,50412.26,50879.95,1131.05,2025-09-21 23:58:13.243063,57547537.91,965,565.52,28773768.95,0
2025-09-21 23:58:13.243063,51119.51,51429.54,50951.37,51201.77,1982.24,2025-09-22 00:58:13.243063,101494249.86,612,991.12,50747124.93,0
2025-09-22 00:58:13.243063,54210.96,54774.09,53918.47,54359.77,1860.17,2025-09-22 01:58:13.243063,101118306.97,863,930.08,50559153.48,0
2025-09-22 01:58:13.243063,55746.35,55784.31,55141.11,55582.4,1757.53,2025-09-22 02:58:13.243063,97687576.45,767,878.76,48843788.22,0
2025-09-22 02:58:13.243063,55338.67,55892.15,54977.22,55445.76,591.08,2025-09-22 03:58:13.243063,32772730.77,461,295.54,16386365.38,0
2025-09-22 03:58:13.243063,54604.67,54758.16,54146.74,54391.69,1232.33,2025-09-22 04:58:13.243063,67028272.42,671,616.16,33514136.21,0
2025-09-22 04:58:13.243063,52523.9,52747.73,52255.04,52649.58,1064.28,2025-09-22 05:58:13.243063,56033934.9,362,532.14,28016967.45,0
2025-09-22 05:58:13.243063,52754.57,53264.88,52613.95,52869.1,2032.25,2025-09-22 06:58:13.243063,107442975.86,743,1016.12,53721487.93,0
2025-09-22 06:58:13.243063,52194.69,52573.05,51852.22,52074.63,2124.47,2025-09-22 07:58:13.243063,110631078.38,572,1062.24,55315539.19,0
2025-09-22 07:58:13.243063,50687.85,50956.44,50470.98,50598.57,879.39,2025-09-22 08:58:13.243063,44495781.55,285,439.69,22247890.78,0
2025-09-22 08:58:13.243063,49949.33,49949.79,49929.71,49949.32,974.33,2025-09-22 09:58:13.243063,48667323.49,696,487.17,24333661.75,0
2025-09-22 09:58:13.243063,48708.75,49283.96,48604.73,48873.86,1934.99,2025-09-22 10:58:13.243063,94570194.99,640,967.49,47285097.5,0
2025-09-22 10:58:13.243063,50878.73,50897.38,50138.95,50527.89,1820.72,2025-09-22 11:58:13.243063,91997352.46,407,910.36,45998676.23,0
2025-09-22 11:58:13.243063,51719.53,51757.36,51388.7,51423.89,799.49,2025-09-22 12:58:13.243063,41112880.83,395,399.74,20556440.42,0
2025-09-22 12:58:13.243063,51399.71,51840.3,51113.69,51420.83,1210.87,2025-09-22 13:58:13.243063,62264097.83,869,605.44,31132048.92,0
2025-09-22 13:58:13.243063,52543.96,53128.0,52487.51,52947.98,2159.74,2025-09-22 14:58:13.243063,114354006.83,862,1079.87,57177003.42,0
2025-09-22 14:58:13.243063,52860.7,53131.63,52806.97,53035.2,1585.6,2025-09-22 15:58:13.243063,84092802.49,581,792.8,42046401.25,0
2025-09-22 15:58:13.243063,52116.33,52458.11,52024.51,52126.94,658.53,2025-09-22 16:58:13.243063,34327383.81,389,329.27,17163691.9,0
2025-09-22 16:58:13.243063,53767.1,54020.76,53259.18,53720.06,1505.51,2025-09-22 17:58:13.243063,80876028.91,957,752.75,40438014.45,0
2025-09-22 17:58:13.243063,54271.88,54695.02,53799.32,54304.44,984.99,2025-09-22 18:58:13.243063,53489528.66,147,492.5,26744764.33,0
2025-09-22 18:58:13.243063,53255.27,53569.49,53118.82,53183.33,1566.82,2025-09-22 19:58:13.243063,83328882.37,607,783.41,41664441.19,0
2025-09-22 19:58:13.243063,53052.39,53304.42,52898.1,52986.19,1478.64,2025-09-22 20:58:13.243063,78347620.61,972,739.32,39173810.31,0
2025-09-22 20:58:13.243063,52238.11,52442.41,51583.24,52063.58,1629.19,2025-09-22 21:58:13.243063,84821208.35,272,814.59,42410604.18,0
2025-09-22 21:58:13.243063,50706.8,50966.45,50313.3,50628.91,1574.91,2025-09-22 22:58:13.243063,79735822.64,575,787.45,39867911.32,0
2025-09-22 22:58:13.243063,51390.97,51744.28,51303.99,51571.8,2025.81,2025-09-22 23:58:13.243063,104474545.42,267,1012.9,52237272.71,0
2025-09-22 23:58:13.243063,53496.54,53591.9,53312.81,53546.4,1599.41,2025-09-23 00:58:13.243063,85642577.89,349,799.7,42821288.94,0
2025-09-23 00:58:13.243063,52312.91,52344.54,51873.36,52053.99,2409.05,2025-09-23 01:58:13.243063,125400928.7,552,1204.53,62700464.35,0
2025-09-23 01:58:13.243063,52277.81,52817.91,52257.23,52645.29,1349.85,2025-09-23 02:58:13.243063,71063075.2,402,674.92,35531537.6,0
2025-09-23 02:58:13.243063,52227.15,52443.85,51959.26,51965.49,1819.02,2025-09-23 03:58:13.243063,94526312.56,536,909.51,47263156.28,0
2025-09-23 03:58:13.243063,51245.96,51508.37,50963.94,51464.42,1558.33,2025-09-23 04:58:13.243063,80198353.41,312,779.16,40099176.71,0
2025-09-23 04:58:13.243063,50676.32,51105.72,50641.55,50859.82,736.69,2025-09-23 05:58:13.243063,37467781.84,853,368.34,18733890.92,0
2025-09-23 05:58:13.243063,49998.33,50105.93,49888.6,49986.06,1937.12,2025-09-23 06:58:13.243063,96829175.95,155,968.56,48414587.98,0
2025-09-23 06:58:13.243063,49992.61,50328.19,49979.91,50039.56,585.31,2025-09-23 07:58:13.243063,29288904.77,850,292.66,14644452.38,0
2025-09-23 07:58:13.243063,49225.89,49271.02,49190.74,49212.96,2057.71,2025-09-23 08:58:13.243063,101266201.33,336,1028.86,50633100.66,0
2025-09-23 08:58:13.243063,49566.91,49692.76,49464.32,49484.08,1441.7,2025-09-23 09:58:13.243063,71341075.15,613,720.85,35670537.57,0
2025-09-23 09:58:13.243063,49317.47,49603.66,49283.31,49439.31,1059.7,2025-09-23 10:58:13.243063,52390798.3,189,529.85,26195399.15,0
2025-09-23 10:58:13.243063,49559.69,49585.21,48732.5,49207.98,1881.72,2025-09-23 11:58:13.243063,92595447.26,640,940.86,46297723.63,0
2025-09-23 11:58:13.243063,48482.45,48658.37,48181.91,48319.72,1397.11,2025-09-23 12:58:13.243063,67507790.19,533,698.55,33753895.1,0
2025-09-23 12:58:13.243063,47790.44,48129.13,47632.5,47767.16,2102.74,2025-09-23 13:58:13.243063,100442152.57,150,1051.37,50221076.29,0
2025-09-23 13:58:13.243063,48464.86,48729.1,48050.94,48493.59,1520.29,2025-09-23 14:58:13.243063,73724553.4,324,760.15,36862276.7,0
2025-09-23 14:58:13.243063,48894.33,49152.42,48566.9,48984.27,1400.83,2025-09-23 15:58:13.243063,68618638.09,189,700.42,34309319.04,0
2025-09-23 15:58:13.243063,47746.0,48039.17,47568.6,48031.47,1678.07,2025-09-23 16:58:13.243063,80600291.97,171,839.04,40300145.99,0
2025-09-23 16:58:13.243063,48130.5,48460.49,47682.84,48131.7,703.55,2025-09-23 17:58:13.243063,33863227.09,623,351.78,16931613.54,0
2025-09-23 17:58:13.243063,49165.4,49234.26,48661.25,48859.82,1695.86,2025-09-23 18:58:13.243063,82859402.62,909,847.93,41429701.31,0
2025-09-23 18:58:13.243063,47281.77,47527.87,47171.36,47233.37,1069.89,2025-09-23 19:58:13.243063,50534675.39,917,534.95,25267337.7,0
2025-09-23 19:58:13.243063,47634.89,48114.49,47428.4,47751.39,861.18,2025-09-23 20:58:13.243063,41122540.49,780,430.59,20561270.24,0
2025-09-23 20:58:13.243063,47220.32,47346.78,47016.94,47123.34,634.22,2025-09-23 21:58:13.243063,29886587.09,393,317.11,14943293.54,0
2025-09-23 21:58:13.243063,47884.65,47889.16,47595.29,47665.82,907.31,2025-09-23 22:58:13.243063,43247807.28,217,453.66,21623903.64,0
2025-09-23 22:58:13.243063,46776.21,47038.5,46581.94,46942.96,1552.57,2025-09-23 23:58:13.243063,72882201.15,118,776.28,36441100.57,0
2025-09-23 23:58:13.243063,45228.86,45268.7,45051.37,45253.12,2485.84,2025-09-24 00:58:13.243063,112492215.68,178,1242.92,56246107.84,0
2025-09-24 00:58:13.243063,43631.35,44020.34,43384.77,43784.62,2310.4,2025-09-24 01:58:13.243063,101160196.1,220,1155.2,50580098.05,0
2025-09-24 01:58:13.243063,44197.73,44241.1,43501.75,43831.11,1531.01,2025-09-24 02:58:13.243063,67105855.27,427,765.5,33552927.63,0
2025-09-24 02:58:13.243063,44119.4,44476.56,43941.75,44063.17,1633.34,2025-09-24 03:58:13.243063,71970172.14,788,816.67,35985086.07,0
2025-09-24 03:58:13.243063,43573.65,43672.79,43182.02,43270.63,1897.01,2025-09-24 04:58:13.243063,82084686.09,157,948.5,41042343.05,0
2025-09-24 04:58:13.243063,43793.09,43997.32,43703.68,43827.61,2228.56,2025-09-24 05:58:13.243063,97672659.86,678,1114.28,48836329.93,0
2025-09-24 05:58:13.243063,42232.55,42679.7,41961.73,42375.58,2266.89,2025-09-24 06:58:13.243063,96060847.21,491,1133.45,48030423.61,0
2025-09-24 06:58:13.243063,42668.58,42691.84,42247.35,42323.82,838.27,2025-09-24 07:58:13.243063,35478966.78,393,419.14,17739483.39,0
2025-09-24 07:58:13.243063,41429.2,41615.28,41140.32,41302.95,1448.31,2025-09-24 08:58:13.243063,59819507.21,768,724.16,29909753.61,0
2025-09-24 08:58:13.243063,40779.86,40861.71,40744.79,40768.63,1368.19,2025-09-24 09:58:13.243063,55779088.33,251,684.09,27889544.16,0
2025-09-24 09:58:13.243063,40665.79,40956.15,40648.11,40811.35,1389.37,2025-09-24 10:58:13.243063,56702070.48,895,694.69,28351035.24,0
2025-09-24 10:58:13.243063,40073.21,40174.01,39873.34,40113.14,1322.15,2025-09-24 11:58:13.243063,53035775.89,730,661.08,26517887.94,0
2025-09-24 11:58:13.243063,39610.43,39972.14,39607.75,39808.64,1654.3,2025-09-24 12:58:13.243063,65855410.19,695,827.15,32927705.1,0
2025-09-24 12:58:13.243063,40625.93,40629.4,40464.24,40613.8,1359.88,2025-09-24 13:58:13.243063,55229913.69,551,679.94,27614956.85,0
2025-09-24 13:58:13.243063,40241.56,40514.6,39861.29,40149.27,1890.77,2025-09-24 14:58:13.243063,75913172.27,877,945.39,37956586.13,0
2025-09-24 14:58:13.243063,40777.25,41010.85,40630.37,40824.33,2277.94,2025-09-24 15:58:13.243063,92995335.25,727,1138.97,46497667.63,0
2025-09-24 15:58:13.243063,39743.1,39939.23,39561.65,39906.02,738.8,2025-09-24 16:58:13.243063,29482566.1,594,369.4,14741283.05,0
2025-09-24 16:58:13.243063,40085.38,40501.11,39978.84,40332.86,1925.78,2025-09-24 17:58:13.243063,77672066.5,601,962.89,38836033.25,0
2025-09-24 17:58:13.243063,41314.79,41522.41,41096.43,41499.74,1207.2,2025-09-24 18:58:13.243063,50098663.15,522,603.6,25049331.58,0
2025-09-24 18:58:13.243063,39420.54,39790.89,39332.15,39452.44,1035.78,2025-09-24 19:58:13.243063,40864175.94,368,517.89,20432087.97,0
2025-09-24 19:58:13.243063,38755.03,39130.47,38644.48,38827.6,867.95,2025-09-24 20:58:13.243063,33700311.04,399,433.97,16850155.52,0
2025-09-24 20:58:13.243063,39642.82,39648.81,39144.87,39279.61,1370.78,2025-09-24 21:58:13.243063,53843881.88,261,685.39,26921940.94,0
2025-09-24 21:58:13.243063,39319.16,39472.67,38943.91,39124.02,2053.82,2025-09-24 22:58:13.243063,80353616.44,145,1026.91,40176808.22,0
2025-09-24 22:58:13.243063,39225.14,39456.47,39134.36,39418.35,834.86,2025-09-24 23:58:13.243063,32908960.09,135,417.43,16454480.05,0
2025-09-24 23:58:13.243063,38686.19,38954.64,38644.5,38946.13,1345.53,2025-09-25 00:58:13.243063,52403061.25,645,672.76,26201530.63,0
2025-09-25 00:58:13.243063,39146.13,39184.6,39006.9,39017.47,525.22,2025-09-25 01:58:13.243063,20492666.51,785,262.61,10246333.26,0
2025-09-25 01:58:13.243063,39007.79,39247.39,38731.52,38899.89,1252.1,2025-09-25 02:58:13.243063,48706708.54,450,626.05,24353354.27,0
2025-09-25 02:58:13.243063,39694.58,40165.62,39456.42,39812.31,1756.29,2025-09-25 03:58:13.243063,69921795.2,934,878.14,34960897.6,0
2025-09-25 03:58:13.243063,40081.77,40403.88,39815.2,40018.88,965.67,2025-09-25 04:58:13.243063,38645159.86,962,482.84,19322579.93,0
2025-09-25 04:58:13.243063,40141.73,40350.63,40059.46,40293.09,981.45,2025-09-25 05:58:13.243063,39545626.5,464,490.72,19772813.25,0
2025-09-25 05:58:13.243063,40186.88,40364.37,39943.23,39965.2,674.62,2025-09-25 06:58:13.243063,26961521.58,239,337.31,13480760.79,0
2025-09-25 06:58:13.243063,39474.72,39753.43,39377.41,39579.45,1068.76,2025-09-25 07:58:13.243063,42301076.43,178,534.38,21150538.22,0
2025-09-25 07:58:13.243063,39332.44,39359.99,38861.71,39241.0,1088.03,2025-09-25 08:58:13.243063,42695278.61,613,544.01,21347639.3,0
2025-09-25 08:58:13.243063,39845.71,39914.29,39552.05,39554.5,2076.15,2025-09-25 09:58:13.243063,82120995.9,182,1038.07,41060497.95,0
2025-09-25 09:58:13.243063,39085.18,39288.75,38848.56,39225.42,564.67,2025-09-25 10:58:13.243063,22149223.78,331,282.33,11074611.89,0
2025-09-25 10:58:13.243063,39513.88,39634.2,39183.27,39456.67,2110.64,2025-09-25 11:58:13.243063,83278724.14,358,1055.32,41639362.07,0
2025-09-25 11:58:13.243063,41057.84,41319.59,40879.2,41098.39,1067.36,2025-09-25 12:58:13.243063,43866784.44,979,533.68,21933392.22,0
2025-09-25 12:58:13.243063,41951.11,42175.38,41610.14,41818.53,988.24,2025-09-25 13:58:13.243063,41326610.28,589,494.12,20663305.14,0
2025-09-25 13:58:13.243063,41833.91,41838.8,41335.99,41550.04,1507.99,2025-09-25 14:58:13.243063,62657096.81,433,754.0,31328548.41,0
2025-09-25 14:58:13.243063,42634.1,42880.97,42479.87,42552.4,1266.61,2025-09-25 15:58:13.243063,53897375.64,488,633.31,26948687.82,0
2025-09-25 15:58:13.243063,42429.28,42539.35,42005.0,42209.37,1474.75,2025-09-25 16:58:13.243063,62248322.09,407,737.38,31124161.05,0
2025-09-25 16:58:13.243063,40491.78,40821.01,40396.54,40493.03,1767.78,2025-09-25 17:58:13.243063,71582845.8,334,883.89,35791422.9,0
2025-09-25 17:58:13.243063,39556.74,39684.27,39423.42,39680.67,1402.65,2025-09-25 18:58:13.243063,55658215.01,970,701.33,27829107.5,0
2025-09-25 18:58:13.243063,37946.54,38418.15,37870.12,38199.95,1859.0,2025-09-25 19:58:13.243063,71013521.09,881,929.5,35506760.55,0
2025-09-25 19:58:13.243063,37846.47,38156.42,37662.83,37935.21,682.94,2025-09-25 20:58:13.243063,25907328.08,512,341.47,12953664.04,0
2025-09-25 20:58:13.243063,37740.73,38102.7,37623.91,37952.98,1959.23,2025-09-25 21:58:13.243063,74358809.39,962,979.62,37179404.69,0
2025-09-25 21:58:13.243063,39302.03,39326.44,39092.75,39229.29,2605.67,2025-09-25 22:58:13.243063,102218648.88,499,1302.84,51109324.44,0
2025-09-25 22:58:13.243063,39512.03,39616.48,39281.97,39489.72,970.64,2025-09-25 23:58:13.243063,38330166.51,762,485.32,19165083.25,0
2025-09-25 23:58:13.243063,39316.57,39340.93,39301.24,39320.62,1074.32,2025-09-26 00:58:13.243063,42243068.51,384,537.16,21121534.26,0
2025-09-26 00:58:13.243063,39910.98,40173.1,39848.59,39976.81,1125.11,2025-09-26 01:58:13.243063,44978381.26,977,562.56,22489190.63,0
2025-09-26 01:58:13.243063,38231.54,38370.02,38042.99,38212.92,2846.44,2025-09-26 02:58:13.243063,108770779.57,317,1423.22,54385389.78,0
2025-09-26 02:58:13.243063,38447.73,38658.41,38121.9,38396.82,663.32,2025-09-26 03:58:13.243063,25469489.15,709,331.66,12734744.57,0
2025-09-26 03:58:13.243063,38950.58,39017.62,38760.18,38992.63,943.15,2025-09-26 04:58:13.243063,36775768.52,857,471.57,18387884.26,0
2025-09-26 04:58:13.243063,37676.41,37854.94,37524.12,37843.45,1069.93,2025-09-26 05:58:13.243063,40489878.68,220,534.97,20244939.34,0
2025-09-26 05:58:13.243063,38763.85,39081.96,38684.78,38712.91,1256.48,2025-09-26 06:58:13.243063,48641902.55,658,628.24,24320951.27,0
2025-09-26 06:58:13.243063,39005.6,39191.22,38929.89,38978.86,917.08,2025-09-26 07:58:13.243063,35746751.49,292,458.54,17873375.75,0
2025-09-26 07:58:13.243063,38480.59,38817.96,38386.84,38659.01,1136.18,2025-09-26 08:58:13.243063,43923606.9,451,568.09,21961803.45,0
2025-09-26 08:58:13.243063,39383.32,39534.44,38778.36,39152.13,972.5,2025-09-26 09:58:13.243063,38075615.61,161,486.25,19037807.8,0
2025-09-26 09:58:13.243063,40945.77,41063.82,40824.89,40934.1,2425.12,2025-09-26 10:58:13.243063,99270182.46,872,1212.56,49635091.23,0
2025-09-26 10:58:13.243063,41279.42,41434.21,40939.3,41087.08,1005.48,2025-09-26 11:58:13.243063,41312047.49,154,502.74,20656023.74,0
2025-09-26 11:58:13.243063,41411.31,41584.87,41291.1,41295.16,1044.41,2025-09-26 12:58:13.243063,43129189.92,724,522.21,21564594.96,0
2025-09-26 12:58:13.243063,41150.95,41233.45,40795.47,40919.9,1026.37,2025-09-26 13:58:13.243063,41999147.0,501,513.19,20999573.5,0
2025-09-26 13:58:13.243063,40513.74,40520.95,39949.73,40228.49,979.29,2025-09-26 14:58:13.243063,39395505.47,696,489.65,19697752.73,0
2025-09-26 14:58:13.243063,40623.81,41149.93,40526.29,40900.57,1899.63,2025-09-26 15:58:13.243063,77696034.18,611,949.82,38848017.09,0
2025-09-26 15:58:13.243063,40114.16,40314.8,40013.63,40204.37,1601.99,2025-09-26 16:58:13.243063,64407077.62,900,801.0,32203538.81,0
2025-09-26 16:58:13.243063,40262.44,40495.18,40011.57,40265.94,585.58,2025-09-26 17:58:13.243063,23578935.64,309,292.79,11789467.82,0
2025-09-26 17:58:13.243063,39819.72,40081.54,39761.56,39885.3,1374.95,2025-09-26 18:58:13.243063,54840280.57,390,687.47,27420140.29,0
2025-09-26 18:58:13.243063,40123.28,40375.32,40084.52,40271.37,2074.72,2025-09-26 19:58:13.243063,83551812.04,880,1037.36,41775906.02,0
2025-09-26 19:58:13.243063,40757.09,40831.04,40501.08,40544.14,1827.89,2025-09-26 20:58:13.243063,74110214.55,790,913.94,37055107.27,0
2025-09-26 20:58:13.243063,41384.72,41436.69,41123.01,41389.52,1650.86,2025-09-26 21:58:13.243063,68328232.4,681,825.43,34164116.2,0
2025-09-26 21:58:13.243063,40768.76,41159.27,40754.85,40971.47,1605.75,2025-09-26 22:58:13.243063,65790032.46,173,802.88,32895016.23,0
2025-09-26 22:58:13.243063,40796.91,40931.71,40635.16,40754.43,737.21,2025-09-26 23:58:13.243063,30044716.72,722,368.61,15022358.36,0
2025-09-26 23:58:13.243063,39935.39,40278.41,39895.44,39960.72,858.16,2025-09-27 00:58:13.243063,34292649.78,889,429.08,17146324.89,0
2025-09-27 00:58:13.243063,39466.63,39818.85,39424.55,39609.63,1603.87,2025-09-27 01:58:13.243063,63528583.43,881,801.93,31764291.71,0
2025-09-27 01:58:13.243063,39706.31,40243.04,39662.61,39912.49,719.72,2025-09-27 02:58:13.243063,28725673.43,144,359.86,14362836.72,0
2025-09-27 02:58:13.243063,40507.2,40625.08,40465.77,40520.75,1241.81,2025-09-27 03:58:13.243063,50319022.81,948,620.9,25159511.4,0
2025-09-27 03:58:13.243063,39853.73,40020.25,39445.33,39777.46,791.43,2025-09-27 04:58:13.243063,31480933.77,762,395.71,15740466.89,0
2025-09-27 04:58:13.243063,40340.74,40584.59,40214.59,40473.25,2345.74,2025-09-27 05:58:13.243063,94939729.67,337,1172.87,47469864.83,0
2025-09-27 05:58:13.243063,41200.11,41690.69,41187.72,41574.64,1965.48,2025-09-27 06:58:13.243063,81714114.91,752,982.74,40857057.46,0
2025-09-27 06:58:13.243063,42254.68,42273.2,41514.06,41922.57,647.95,2025-09-27 07:58:13.243063,27163847.25,839,323.98,13581923.62,0
2025-09-27 07:58:13.243063,43290.99,43781.51,43218.77,43500.36,2030.52,2025-09-27 08:58:13.243063,88328188.9,984,1015.26,44164094.45,0
2025-09-27 08:58:13.243063,42666.54,43222.06,42643.42,42831.51,1203.88,2025-09-27 09:58:13.243063,51563884.7,843,601.94,25781942.35,0
2025-09-27 09:58:13.243063,41604.44,42062.6,41577.72,41769.58,1423.07,2025-09-27 10:58:13.243063,59440966.2,522,711.53,29720483.1,0
2025-09-27 10:58:13.243063,40226.63,40661.93,40029.55,40287.83,1744.88,2025-09-27 11:58:13.243063,70297422.71,159,872.44,35148711.36,0
2025-09-27 11:58:13.243063,41612.16,41900.9,41347.89,41497.31,1343.02,2025-09-27 12:58:13.243063,55731695.47,714,671.51,27865847.74,0
2025-09-27 12:58:13.243063,41899.1,42322.98,41743.79,42044.55,1101.88,2025-09-27 13:58:13.243063,46328112.25,212,550.94,23164056.13,0
2025-09-27 13:58:13.243063,42159.84,42277.34,41985.3,42002.01,1822.8,2025-09-27 14:58:13.243063,76561278.03,901,911.4,38280639.02,0
2025-09-27 14:58:13.243063,42076.91,42431.08,42047.38,42241.4,1591.99,2025-09-27 15:58:13.243063,67247817.31,839,795.99,33623908.66,0
2025-09-27 15:58:13.243063,41351.49,41395.81,41120.8,41294.78,2222.57,2025-09-27 16:58:13.243063,91780562.17,318,1111.29,45890281.08,0
2025-09-27 16:58:13.243063,43268.25,43557.34,43235.46,43318.84,2781.64,2025-09-27 17:58:13.243063,120497207.32,838,1390.82,60248603.66,0
2025-09-27 17:58:13.243063,43710.35,43765.25,43413.95,43435.13,1188.13,2025-09-27 18:58:13.243063,51606433.11,408,594.06,25803216.55,0
2025-09-27 18:58:13.243063,43704.83,43772.41,43494.73,43534.5,1405.08,2025-09-27 19:58:13.243063,61169474.03,267,702.54,30584737.02,0
2025-09-27 19:58:13.243063,44098.77,44253.92,44089.39,44170.77,1583.64,2025-09-27 20:58:13.243063,69950488.19,856,791.82,34975244.09,0
2025-09-27 20:58:13.243063,44595.25,44607.93,44578.27,44600.12,1897.33,2025-09-27 21:58:13.243063,84621112.66,394,948.66,42310556.33,0
2025-09-27 21:58:13.243063,44653.32,44960.93,44537.1,44804.29,564.63,2025-09-27 22:58:13.243063,25297755.71,761,282.31,12648877.86,0
2025-09-27 22:58:13.243063,44238.92,44376.35,43844.32,44100.43,1750.51,2025-09-27 23:58:13.243063,77198104.49,285,875.25,38599052.25,0
2025-09-27 23:58:13.243063,44492.21,44677.61,44464.54,44520.68,1658.6,2025-09-28 00:58:13.243063,73841837.25,872,829.3,36920918.62,0
2025-09-28 00:58:13.243063,46045.95,46645.71,45910.61,46200.92,906.99,2025-09-28 01:58:13.243063,41903648.8,831,453.49,20951824.4,0
2025-09-28 01:58:13.243063,47599.22,47723.34,47155.36,47448.73,1974.87,2025-09-28 02:58:13.243063,93705248.68,851,987.44,46852624.34,0
2025-09-28 02:58:13.243063,48934.2,48992.89,48599.34,48965.37,1226.21,2025-09-28 03:58:13.243063,60041841.83,676,613.11,30020920.92,0
2025-09-28 03:58:13.243063,48025.91,48621.9,48005.3,48469.63,1508.36,2025-09-28 04:58:13.243063,73109689.5,249,754.18,36554844.75,0
2025-09-28 04:58:13.243063,47530.91,47853.57,47431.58,47515.16,1486.04,2025-09-28 05:58:13.243063,70609646.89,923,743.02,35304823.44,0
2025-09-28 05:58:13.243063,47460.06,47500.73,47332.0,47400.37,1281.15,2025-09-28 06:58:13.243063,60726916.67,920,640.57,30363458.34,0
2025-09-28 06:58:13.243063,47238.99,47527.52,47151.4,47457.94,744.07,2025-09-28 07:58:13.243063,35311978.89,715,372.03,17655989.44,0
2025-09-28 07:58:13.243063,48337.55,48789.19,48135.15,48501.25,1429.6,2025-09-28 08:58:13.243063,69337318.76,464,714.8,34668659.38,0
2025-09-28 08:58:13.243063,46903.75,47325.55,46727.41,46864.37,1380.06,2025-09-28 09:58:13.243063,64675404.59,608,690.03,32337702.3,0
2025-09-28 09:58:13.243063,48010.41,48424.56,47860.57,48302.68,2409.58,2025-09-28 10:58:13.243063,116389217.44,193,1204.79,58194608.72,0
2025-09-28 10:58:13.243063,47845.16,48471.03,47718.11,48154.87,2012.24,2025-09-28 11:58:13.243063,96899135.92,507,1006.12,48449567.96,0
2025-09-28 11:58:13.243063,47659.03,48200.12,47425.38,47748.55,848.47,2025-09-28 12:58:13.243063,40513419.85,373,424.24,20256709.92,0
2025-09-28 12:58:13.243063,46731.09,46830.32,46719.49,46786.8,1362.91,2025-09-28 13:58:13.243063,63766206.88,816,681.46,31883103.44,0
2025-09-28 13:58:13.243063,45263.1,45306.93,45184.01,45242.97,1058.36,2025-09-28 14:58:13.243063,47883222.96,187,529.18,23941611.48,0
2025-09-28 14:58:13.243063,45979.54,46069.08,45567.5,45992.35,1201.88,2025-09-28 15:58:13.243063,55277357.35,690,600.94,27638678.68,0
2025-09-28 15:58:13.243063,46134.36,46311.88,45752.47,46064.39,1465.71,2025-09-28 16:58:13.243063,67516809.84,339,732.85,33758404.92,0
2025-09-28 16:58:13.243063,44873.87,44898.07,44676.11,44880.57,1702.28,2025-09-28 17:58:13.243063,76399135.87,849,851.14,38199567.93,0
2025-09-28 17:58:13.243063,44000.46,44156.14,43651.04,43722.58,1901.42,2025-09-28 18:58:13.243063,83134801.28,981,950.71,41567400.64,0
2025-09-28 18:58:13.243063,43312.02,43861.4,43135.08,43433.32,1810.16,2025-09-28 19:58:13.243063,78621145.08,196,905.08,39310572.54,0
2025-09-28 19:58:13.243063,44769.5,45237.93,44478.93,44887.49,1930.06,2025-09-28 20:58:13.243063,86635737.74,487,965.03,43317868.87,0
2025-09-28 20:58:13.243063,44774.96,44854.43,44520.32,44658.93,2001.23,2025-09-28 21:58:13.243063,89372644.96,946,1000.61,44686322.48,0
2025-09-28 21:58:13.243063,43277.16,43396.54,42941.88,43320.82,1142.71,2025-09-28 22:58:13.243063,49502978.31,160,571.35,24751489.15,0
2025-09-28 22:58:13.243063,43041.13,43227.78,42718.96,43112.24,1657.73,2025-09-28 23:58:13.243063,71468577.57,331,828.87,35734288.79,0
2025-09-28 23:58:13.243063,42989.64,43189.88,42869.34,42881.39,1517.24,2025-09-29 00:58:13.243063,65061425.54,231,758.62,32530712.77,0
2025-09-29 00:58:13.243063,40757.41,40906.67,40477.4,40572.76,1704.21,2025-09-29 01:58:13.243063,69144409.79,636,852.1,34572204.89,0
2025-09-29 01:58:13.243063,40571.75,40576.31,40525.9,40532.76,913.36,2025-09-29 02:58:13.243063,37021076.14,837,456.68,18510538.07,0
2025-09-29 02:58:13.243063,40393.84,40752.84,40264.29,40349.6,1561.81,2025-09-29 03:58:13.243063,63018492.45,968,780.91,31509246.22,0
2025-09-29 03:58:13.243063,41171.25,41290.18,40709.72,40915.47,802.3,2025-09-29 04:58:13.243063,32826283.78,979,401.15,16413141.89,0
2025-09-29 04:58:13.243063,42506.43,42841.78,42363.1,42432.58,891.33,2025-09-29 05:58:13.243063,37821558.05,344,445.67,18910779.03,0
2025-09-29 05:58:13.243063,43274.53,43746.95,43228.72,43392.88,1242.67,2025-09-29 06:58:13.243063,53923031.44,983,621.33,26961515.72,0
2025-09-29 06:58:13.243063,43059.41,43435.66,42984.23,43163.87,2083.73,2025-09-29 07:58:13.243063,89941684.23,838,1041.86,44970842.12,0
2025-09-29 07:58:13.243063,42191.77,42331.76,42183.37,42212.94,830.5,2025-09-29 08:58:13.243063,35057837.44,622,415.25,17528918.72,0
2025-09-29 08:58:13.243063,44702.64,44802.02,44169.24,44389.75,1771.56,2025-09-29 09:58:13.243063,78639221.88,737,885.78,39319610.94,0
2025-09-29 09:58:13.243063,44514.87,44772.05,44369.44,44446.76,1474.65,2025-09-29 10:58:13.243063,65543549.18,163,737.33,32771774.59,0
2025-09-29 10:58:13.243063,44622.84,44624.34,44225.8,44463.59,1216.39,2025-09-29 11:58:13.243063,54084975.16,834,608.19,27042487.58,0
2025-09-29 11:58:13.243063,44417.71,44638.62,44092.61,44446.58,1836.89,2025-09-29 12:58:13.243063,81643589.31,469,918.45,40821794.66,0
2025-09-29 12:58:13.243063,44575.86,44896.79,44345.95,44627.11,745.57,2025-09-29 13:58:13.243063,33272579.66,184,372.78,16636289.83,0
2025-09-29 13:58:13.243063,44207.66,44510.14,44113.98,44502.72,840.04,2025-09-29 14:58:13.243063,37384016.5,762,420.02,18692008.25,0
2025-09-29 14:58:13.243063,43833.0,44137.38,43773.94,43996.58,2160.22,2025-09-29 15:58:13.243063,95042123.79,866,1080.11,47521061.9,0
2025-09-29 15:58:13.243063,43764.3,43895.7,43342.76,43519.78,793.39,2025-09-29 16:58:13.243063,34528087.12,107,396.69,17264043.56,0
2025-09-29 16:58:13.243063,43360.63,43504.31,43240.48,43495.63,1284.11,2025-09-29 17:58:13.243063,55853227.94,106,642.06,27926613.97,0
2025-09-29 17:58:13.243063,42935.57,43209.12,42718.28,43027.24,1770.44,2025-09-29 18:58:13.243063,76177360.55,309,885.22,38088680.27,0
2025-09-29 18:58:13.243063,42293.81,42763.03,42168.51,42418.11,976.13,2025-09-29 19:58:13.243063,41405751.19,665,488.07,20702875.6,0
2025-09-29 19:58:13.243063,42472.73,42865.47,42335.95,42512.64,1840.64,2025-09-29 20:58:13.243063,78250637.13,702,920.32,39125318.56,0
2025-09-29 20:58:13.243063,42174.59,42489.64,42093.72,42300.1,1512.21,2025-09-29 21:58:13.243063,63966533.34,422,756.1,31983266.67,0
2025-09-29 21:58:13.243063,43679.95,44010.58,43367.46,43576.71,1755.84,2025-09-29 22:58:13.243063,76513598.81,925,877.92,38256799.41,0
2025-09-29 22:58:13.243063,41455.82,41601.16,41084.47,41270.66,2109.3,2025-09-29 23:58:13.243063,87052145.24,543,1054.65,43526072.62,0
2025-09-29 23:58:13.243063,42048.1,42256.84,41980.06,42175.73,2282.85,2025-09-30 00:58:13.243063,96280996.66,401,1141.43,48140498.33,0
2025-09-30 00:58:13.243063,43406.12,43642.71,43000.59,43231.04,1643.3,2025-09-30 01:58:13.243063,71041505.75,216,821.65,35520752.87,0
2025-09-30 01:58:13.243063,41524.2,41598.42,41401.58,41442.67,1654.44,2025-09-30 02:58:13.243063,68564543.63,800,827.22,34282271.82,0
2025-09-30 02:58:13.243063,41159.43,41253.52,41095.03,41162.77,2017.52,2025-09-30 03:58:13.243063,83046540.85,739,1008.76,41523270.42,0
2025-09-30 03:58:13.243063,40681.95,41032.27,40649.73,40861.1,2121.74,2025-09-30 04:58:13.243063,86696812.46,699,1060.87,43348406.23,0
2025-09-30 04:58:13.243063,39520.16,39828.28,39482.28,39714.93,2495.39,2025-09-30 05:58:13.243063,99104064.6,257,1247.69,49552032.3,0
2025-09-30 05:58:13.243063,39255.8,39354.47,39005.11,39101.09,1922.62,2025-09-30 06:58:13.243063,75176370.45,706,961.31,37588185.22,0
2025-09-30 06:58:13.243063,37940.56,38471.47,37895.25,38236.5,1216.69,2025-09-30 07:58:13.243063,46521784.69,323,608.34,23260892.35,0
2025-09-30 07:58:13.243063,39825.62,39971.4,39426.22,39580.34,2063.79,2025-09-30 08:58:13.243063,81685469.66,290,1031.89,40842734.83,0
2025-09-30 08:58:13.243063,40297.82,40421.36,40211.56,40324.99,1011.68,2025-09-30 09:58:13.243063,40796096.11,117,505.84,20398048.06,0
2025-09-30 09:58:13.243063,41215.82,41718.2,40955.21,41354.53,1265.05,2025-09-30 10:58:13.243063,52315655.66,106,632.53,26157827.83,0
2025-09-30 10:58:13.243063,41701.85,42240.96,41609.23,41955.55,846.97,2025-09-30 11:58:13.243063,35535272.75,811,423.49,17767636.37,0
2025-09-30 11:58:13.243063,41162.76,41265.1,40993.95,41012.35,1179.95,2025-09-30 12:58:13.243063,48392668.59,431,589.98,24196334.29,0
2025-09-30 12:58:13.243063,40513.93,40898.62,40257.09,40586.21,2120.3,2025-09-30 13:58:13.243063,86054987.65,465,1060.15,43027493.82,0
2025-09-30 13:58:13.243063,41251.13,41303.87,40789.18,40987.51,2045.71,2025-09-30 14:58:13.243063,83848620.53,178,1022.86,41924310.26,0
2025-09-30 14:58:13.243063,40217.22,40364.27,39659.64,39989.77,996.44,2025-09-30 15:58:13.243063,39847413.79,824,498.22,19923706.89,0
2025-09-30 15:58:13.243063,40886.81,40908.87,40446.73,40564.02,657.33,2025-09-30 16:58:13.243063,26663943.95,234,328.66,13331971.98,0
2025-09-30 16:58:13.243063,40430.64,40590.14,40140.64,40373.11,550.18,2025-09-30 17:58:13.243063,22212645.23,964,275.09,11106322.61,0
2025-09-30 17:58:13.243063,40018.21,40092.36,40017.16,40074.49,1450.16,2025-09-30 18:58:13.243063,58114442.83,939,725.08,29057221.42,0
2025-09-30 18:58:13.243063,40321.96,40919.02,40313.93,40648.32,1501.04,2025-09-30 19:58:13.243063,61014650.85,513,750.52,30507325.42,0
2025-09-30 19:58:13.243063,41144.28,41218.2,40983.94,41013.56,1367.58,2025-09-30 20:58:13.243063,56089344.2,788,683.79,28044672.1,0
2025-09-30 20:58:13.243063,40828.28,40919.19,40660.74,40721.57,812.59,2025-09-30 21:58:13.243063,33089748.8,885,406.29,16544874.4,0
2025-09-30 21:58:13.243063,41913.23,41925.32,41604.33,41669.84,1575.05,2025-09-30 22:58:13.243063,65631897.88,165,787.52,32815948.94,0
2025-09-30 22:58:13.243063,40958.19,41028.63,40669.81,40773.05,2098.35,2025-09-30 23:58:13.243063,85556045.62,981,1049.17,42778022.81,0
2025-09-30 23:58:13.243063,41389.2,41486.57,41091.6,41279.4,785.48,2025-10-01 00:58:13.243063,32423988.12,592,392.74,16211994.06,0
2025-10-01 00:58:13.243063,41846.81,42001.37,41735.81,41773.18,1992.84,2025-10-01 01:58:13.243063,83247377.85,870,996.42,41623688.93,0
2025-10-01 01:58:13.243063,41501.8,41559.95,41481.08,41518.75,1922.53,2025-10-01 02:58:13.243063,79820861.42,216,961.26,39910430.71,0
2025-10-01 02:58:13.243063,41965.29,42094.62,41751.43,41793.71,1102.59,2025-10-01 03:58:13.243063,46081158.27,810,551.29,23040579.13,0
2025-10-01 03:58:13.243063,40575.47,40847.35,40491.63,40752.12,1961.89,2025-10-01 04:58:13.243063,79951264.66,886,980.95,39975632.33,0
2025-10-01 04:58:13.243063,41394.36,41561.95,41149.6,41509.31,819.0,2025-10-01 05:58:13.243063,33995926.66,484,409.5,16997963.33,0
2025-10-01 05:58:13.243063,41340.6,41426.49,41070.3,41359.96,682.39,2025-10-01 06:58:13.243063,28223826.36,555,341.2,14111913.18,0
2025-10-01 06:58:13.243063,40916.51,41265.14,40548.51,40931.7,2124.79,2025-10-01 07:58:13.243063,86971087.04,582,1062.39,43485543.52,0
2025-10-01 07:58:13.243063,41696.03,41959.3,41440.05,41794.55,1462.47,2025-10-01 08:58:13.243063,61123339.02,541,731.24,30561669.51,0
2025-10-01 08:58:13.243063,41146.29,41558.93,40867.13,41209.97,1139.81,2025-10-01 09:58:13.243063,46971601.93,542,569.91,23485800.97,0
2025-10-01 09:58:13.243063,40215.72,40282.66,39957.78,40053.24,1574.9,2025-10-01 10:58:13.243063,63079777.8,400,787.45,31539888.9,0
2025-10-01 10:58:13.243063,38844.94,38851.74,38717.59,38810.29,1254.83,2025-10-01 11:58:13.243063,48700424.38,251,627.42,24350212.19,0
2025-10-01 11:58:13.243063,39174.52,39465.53,39163.92,39284.56,1105.05,2025-10-01 12:58:13.243063,43411488.37,589,552.53,21705744.18,0
2025-10-01 12:58:13.243063,38301.49,38493.67,38145.96,38282.46,2445.25,2025-10-01 13:58:13.243063,93610372.77,439,1222.63,46805186.38,0
2025-10-01 13:58:13.243063,39624.37,39732.18,39533.36,39629.85,2216.24,2025-10-01 14:58:13.243063,87829227.41,285,1108.12,43914613.7,0
2025-10-01 14:58:13.243063,38091.88,38253.1,37975.65,37983.68,2354.92,2025-10-01 15:58:13.243063,89448359.35,404,1177.46,44724179.67,0
2025-10-01 15:58:13.243063,39419.75,39497.65,39195.72,39276.23,775.25,2025-10-01 16:58:13.243063,30448877.06,867,387.62,15224438.53,0
2025-10-01 16:58:13.243063,39250.16,39524.1,39101.0,39445.92,1652.46,2025-10-01 17:58:13.243063,65182832.01,387,826.23,32591416.0,0
2025-10-01 17:58:13.243063,39396.28,39730.25,39323.7,39373.56,1262.28,2025-10-01 18:58:13.243063,49700528.34,173,631.14,24850264.17,0
2025-10-01 18:58:13.243063,39014.29,39024.72,38580.81,38948.39,1179.33,2025-10-01 19:58:13.243063,45932843.46,930,589.66,22966421.73,0
2025-10-01 19:58:13.243063,39381.94,39477.12,39157.29,39263.2,1608.65,2025-10-01 20:58:13.243063,63160832.73,990,804.33,31580416.37,0
2025-10-01 20:58:13.243063,38993.0,39341.57,38973.87,39237.57,674.85,2025-10-01 21:58:13.243063,26479287.79,103,337.42,13239643.89,0
2025-10-01 21:58:13.243063,40354.05,40508.17,39785.55,40107.32,1544.9,2025-10-01 22:58:13.243063,61961729.25,370,772.45,30980864.63,0
2025-10-01 22:58:13.243063,40154.4,40263.77,40088.51,40202.95,1673.44,2025-10-01 23:58:13.243063,67277225.15,585,836.72,33638612.58,0
2025-10-01 23:58:13.243063,40324.5,40359.07,40320.56,40327.83,1150.4,2025-10-02 00:58:13.243063,46393276.29,939,575.2,23196638.14,0
2025-10-02 00:58:13.243063,39986.29,40293.79,39717.55,40038.59,1117.27,2025-10-02 01:58:13.243063,44733898.29,197,558.63,22366949.14,0
2025-10-02 01:58:13.243063,39795.31,40347.34,39683.75,39996.99,1281.57,2025-10-02 02:58:13.243063,51258873.23,538,640.78,25629436.62,0
2025-10-02 02:58:13.243063,40233.04,40498.79,39866.4,40247.21,1392.3,2025-10-02 03:58:13.243063,56036206.16,145,696.15,28018103.08,0
2025-10-02 03:58:13.243063,38804.97,38899.1,38801.82,38874.65,2165.81,2025-10-02 04:58:13.243063,84195047.34,750,1082.9,42097523.67,0
2025-10-02 04:58:13.243063,37570.96,37881.8,37514.04,37830.33,1207.44,2025-10-02 05:58:13.243063,45677939.61,324,603.72,22838969.8,0
2025-10-02 05:58:13.243063,38416.4,38539.42,38298.69,38396.47,1277.39,2025-10-02 06:58:13.243063,49047375.82,987,638.7,24523687.91,0
2025-10-02 06:58:13.243063,38480.77,38553.07,38476.74,38531.52,1489.37,2025-10-02 07:58:13.243063,57387596.49,149,744.68,28693798.24,0
2025-10-02 07:58:13.243063,38469.87,38714.73,38197.04,38393.59,1390.44,2025-10-02 08:58:13.243063,53384175.04,253,695.22,26692087.52,0
2025-10-02 08:58:13.243063,38406.87,38487.52,38289.12,38411.59,819.0,2025-10-02 09:58:13.243063,31458982.69,204,409.5,15729491.34,0
2025-10-02 09:58:13.243063,38982.0,39057.72,38673.95,38682.45,1800.66,2025-10-02 10:58:13.243063,69654132.79,367,900.33,34827066.39,0
2025-10-02 10:58:13.243063,38288.07,38320.64,38213.0,38268.73,1620.81,2025-10-02 11:58:13.243063,62026346.64,804,810.4,31013173.32,0
2025-10-02 11:58:13.243063,37511.85,38030.08,37416.17,37676.87,998.97,2025-10-02 12:58:13.243063,37638097.13,857,499.49,18819048.57,0
2025-10-02 12:58:13.243063,37875.75,37907.39,37800.78,37828.21,1148.13,2025-10-02 13:58:13.243063,43431617.54,928,574.06,21715808.77,0
2025-10-02 13:58:13.243063,37318.66,37332.98,37058.25,37091.79,1060.67,2025-10-02 14:58:13.243063,39342334.95,403,530.34,19671167.48,0
2025-10-02 14:58:13.243063,37463.41,37548.8,37379.2,37398.36,741.59,2025-10-02 15:58:13.243063,27734305.22,460,370.8,13867152.61,0
2025-10-02 15:58:13.243063,36175.43,36255.33,35849.4,36128.62,978.01,2025-10-02 16:58:13.243063,35334045.86,429,489.0,17667022.93,0
2025-10-02 16:58:13.243063,36974.55,37013.55,36820.04,36875.87,1883.67,2025-10-02 17:58:13.243063,69462098.4,271,941.84,34731049.2,0
2025-10-02 17:58:13.243063,37299.23,37364.63,37188.72,37228.11,747.21,2025-10-02 18:58:13.243063,27817130.87,987,373.6,13908565.44,0
2025-10-02 18:58:13.243063,37529.95,37714.61,37276.43,37422.46,1964.48,2025-10-02 19:58:13.243063,73515750.51,598,982.24,36757875.25,0
2025-10-02 19:58:13.243063,38195.18,38228.29,38017.18,38161.7,1755.97,2025-10-02 20:58:13.243063,67010938.13,685,877.99,33505469.06,0
2025-10-02 20:58:13.243063,39722.81,39778.51,39084.11,39436.66,856.85,2025-10-02 21:58:13.243063,33791468.91,589,428.43,16895734.46,0
2025-10-02 21:58:13.243063,40301.67,40538.66,39936.08,40240.67,903.12,2025-10-02 22:58:13.243063,36342294.28,817,451.56,18171147.14,0
2025-10-02 22:58:13.243063,38874.7,39042.27,38729.75,38763.14,1040.37,2025-10-02 23:58:13.243063,40328148.66,403,520.19,20164074.33,0
2025-10-02 23:58:13.243063,37710.69,37781.84,37623.78,37775.0,1793.74,2025-10-03 00:58:13.243063,67758661.96,697,896.87,33879330.98,0
2025-10-03 00:58:13.243063,37273.62,37618.72,37226.35,37306.73,1997.63,2025-10-03 01:58:13.243063,74524941.93,240,998.81,37262470.96,0
2025-10-03 01:58:13.243063,37355.2,37693.81,37015.41,37329.93,1984.4,2025-10-03 02:58:13.243063,74077336.68,187,992.2,37038668.34,0
2025-10-03 02:58:13.243063,37603.68,37834.46,37479.41,37720.15,2090.39,2025-10-03 03:58:13.243063,78849870.66,159,1045.2,39424935.33,0
2025-10-03 03:58:13.243063,37233.45,37380.67,36956.75,37176.42,1010.85,2025-10-03 04:58:13.243063,37579953.1,428,505.43,18789976.55,0
2025-10-03 04:58:13.243063,37566.75,37633.85,37246.25,37319.0,1395.53,2025-10-03 05:58:13.243063,52079760.55,785,697.76,26039880.28,0
2025-10-03 05:58:13.243063,36875.25,37021.24,36682.65,36758.93,2071.96,2025-10-03 06:58:13.243063,76163044.89,488,1035.98,38081522.44,0
2025-10-03 06:58:13.243063,36222.38,36664.03,36148.82,36313.03,1215.66,2025-10-03 07:58:13.243063,44144425.48,956,607.83,22072212.74,0
2025-10-03 07:58:13.243063,35358.12,35407.9,34988.66,35295.06,1312.7,2025-10-03 08:58:13.243063,46331778.91,174,656.35,23165889.45,0
2025-10-03 08:58:13.243063,34819.99,34897.91,34538.95,34646.88,1377.74,2025-10-03 09:58:13.243063,47734516.42,536,688.87,23867258.21,0
2025-10-03 09:58:13.243063,33758.14,33975.97,33584.8,33713.71,1350.94,2025-10-03 10:58:13.243063,45545100.48,430,675.47,22772550.24,0
2025-10-03 10:58:13.243063,32951.32,33232.95,32791.69,33059.07,1536.16,2025-10-03 11:58:13.243063,50784187.35,703,768.08,25392093.68,0
2025-10-03 11:58:13.243063,33837.69,33849.99,33665.34,33759.03,1920.96,2025-10-03 12:58:13.243063,64849580.74,619,960.48,32424790.37,0
2025-10-03 12:58:13.243063,33250.29,33335.92,33111.68,33121.39,1503.06,2025-10-03 13:58:13.243063,49783336.88,591,751.53,24891668.44,0
2025-10-03 13:58:13.243063,34869.78,34993.79,34840.05,34868.46,2942.1,2025-10-03 14:58:13.243063,102586449.34,467,1471.05,51293224.67,0
2025-10-03 14:58:13.243063,35204.28,35380.32,35197.41,35215.97,1732.82,2025-10-03 15:58:13.243063,61022919.49,584,866.41,30511459.74,0
2025-10-03 15:58:13.243063,35461.67,35529.51,35263.74,35349.68,780.92,2025-10-03 16:58:13.243063,27605261.33,270,390.46,13802630.66,0
2025-10-03 16:58:13.243063,34711.12,34906.44,34646.89,34746.36,1718.38,2025-10-03 17:58:13.243063,59707376.74,685,859.19,29853688.37,0
2025-10-03 17:58:13.243063,35121.31,35527.03,35089.31,35236.5,1038.94,2025-10-03 18:58:13.243063,36608484.68,982,519.47,18304242.34,0
2025-10-03 18:58:13.243063,34590.47,35042.06,34587.12,34834.35,1423.08,2025-10-03 19:58:13.243063,49572238.22,133,711.54,24786119.11,0
2025-10-03 19:58:13.243063,35105.2,35121.63,34601.28,34922.84,1344.13,2025-10-03 20:58:13.243063,46940721.11,512,672.06,23470360.55,0
2025-10-03 20:58:13.243063,36505.7,37061.4,36467.13,36714.44,1813.48,2025-10-03 21:58:13.243063,66581069.88,316,906.74,33290534.94,0
2025-10-03 21:58:13.243063,36678.06,36819.75,36480.66,36647.58,1054.01,2025-10-03 22:58:13.243063,38626838.88,247,527.0,19313419.44,0
2025-10-03 22:58:13.243063,37514.43,37682.47,37182.33,37493.6,1240.15,2025-10-03 23:58:13.243063,46497686.71,941,620.07,23248843.35,0
2025-10-03 23:58:13.243063,36909.01,37307.3,36892.66,36970.06,1837.05,2025-10-04 00:58:13.243063,67915849.96,844,918.52,33957924.98,0
2025-10-04 00:58:13.243063,37031.31,37305.49,36619.11,36947.89,1302.85,2025-10-04 01:58:13.243063,48137407.35,125,651.42,24068703.67,0
2025-10-04 01:58:13.243063,38254.11,38354.5,38084.28,38260.13,1810.33,2025-10-04 02:58:13.243063,69263393.01,768,905.16,34631696.51,0
2025-10-04 02:58:13.243063,37598.87,37889.91,37570.74,37784.2,1259.88,2025-10-04 03:58:13.243063,47603589.38,775,629.94,23801794.69,0
2025-10-04 03:58:13.243063,38952.95,39429.13,38769.7,39157.62,1700.66,2025-10-04 04:58:13.243063,66593743.85,396,850.33,33296871.92,0
2025-10-04 04:58:13.243063,39728.06,39890.8,39375.46,39715.81,2083.63,2025-10-04 05:58:13.243063,82752870.29,283,1041.81,41376435.14,0
2025-10-04 05:58:13.243063,39575.17,39616.0,39249.53,39273.0,1104.39,2025-10-04 06:58:13.243063,43372777.38,383,552.2,21686388.69,0
2025-10-04 06:58:13.243063,39427.12,39977.34,39399.51,39773.66,1159.44,2025-10-04 07:58:13.243063,46115240.53,870,579.72,23057620.27,0
2025-10-04 07:58:13.243063,40573.05,40711.89,40470.52,40551.28,1289.15,2025-10-04 08:58:13.243063,52276835.62,923,644.58,26138417.81,0
2025-10-04 08:58:13.243063,41366.44,41372.49,40852.24,41059.64,1348.09,2025-10-04 09:58:13.243063,55352067.2,152,674.04,27676033.6,0
2025-10-04 09:58:13.243063,39644.43,39878.61,39600.84,39774.29,2522.82,2025-10-04 10:58:13.243063,100343204.71,790,1261.41,50171602.36,0
2025-10-04 10:58:13.243063,39211.2,39305.01,38968.24,39199.84,2188.05,2025-10-04 11:58:13.243063,85771278.71,893,1094.03,42885639.36,0
2025-10-04 11:58:13.243063,38990.37,39210.68,38707.51,39009.7,1393.52,2025-10-04 12:58:13.243063,54360802.92,203,696.76,27180401.46,0
2025-10-04 12:58:13.243063,38817.92,39004.67,38749.25,38955.53,538.94,2025-10-04 13:58:13.243063,20994573.86,750,269.47,10497286.93,0
2025-10-04 13:58:13.243063,39341.71,39455.81,39208.21,39443.0,2197.64,2025-10-04 14:58:13.243063,86681410.73,535,1098.82,43340705.36,0
2025-10-04 14:58:13.243063,39573.6,39612.3,39368.73,39587.13,2068.18,2025-10-04 15:58:13.243063,81873366.98,487,1034.09,40936683.49,0
2025-10-04 15:58:13.243063,38274.89,38657.26,38184.47,38533.84,1801.8,2025-10-04 16:58:13.243063,69430169.94,465,900.9,34715084.97,0
2025-10-04 16:58:13.243063,38735.84,38846.65,38695.84,38830.7,1646.94,2025-10-04 17:58:13.243063,63951860.91,953,823.47,31975930.46,0
2025-10-04 17:58:13.243063,39013.29,39414.14,38989.79,39308.77,1468.12,2025-10-04 18:58:13.243063,57709913.8,163,734.06,28854956.9,0
2025-10-04 18:58:13.243063,39892.89,40124.1,39448.15,39752.8,1931.92,2025-10-04 19:58:13.243063,76799310.85,682,965.96,38399655.42,0
2025-10-04 19:58:13.243063,40958.1,41009.6,40326.07,40616.05,1552.72,2025-10-04 20:58:13.243063,63065497.02,205,776.36,31532748.51,0
2025-10-04 20:58:13.243063,41405.41,41515.65,41245.13,41297.53,1429.06,2025-10-04 21:58:13.243063,59016809.68,660,714.53,29508404.84,0
2025-10-04 21:58:13.243063,41641.66,41685.1,41599.7,41680.92,2104.53,2025-10-04 22:58:13.243063,87718937.98,445,1052.27,43859468.99,0
2025-10-04 22:58:13.243063,41615.38,41803.24,41329.09,41626.59,960.75,2025-10-04 23:58:13.243063,39992737.09,469,480.37,19996368.55,0
2025-10-04 23:58:13.243063,39921.39,40335.57,39859.15,40247.95,1408.08,2025-10-05 00:58:13.243063,56672152.78,123,704.04,28336076.39,0
2025-10-05 00:58:13.243063,40362.8,40687.84,40280.95,40597.8,674.0,2025-10-05 01:58:13.243063,27362757.55,527,337.0,13681378.78,0
2025-10-05 01:58:13.243063,40767.13,40774.56,40735.94,40770.5,1727.7,2025-10-05 02:58:13.243063,70439333.62,923,863.85,35219666.81,0
2025-10-05 02:58:13.243063,40748.94,41346.34,40715.95,40996.02,1766.89,2025-10-05 03:58:13.243063,72435319.97,860,883.44,36217659.99,0
2025-10-05 03:58:13.243063,39871.8,40272.55,39750.13,39953.29,2217.68,2025-10-05 04:58:13.243063,88603766.36,754,1108.84,44301883.18,0
2025-10-05 04:58:13.243063,39132.84,39476.86,39032.58,39093.45,993.67,2025-10-05 05:58:13.243063,38846178.5,813,496.84,19423089.25,0
2025-10-05 05:58:13.243063,39995.25,39995.4,39894.17,39920.78,650.92,2025-10-05 06:58:13.243063,25985206.23,851,325.46,12992603.11,0
2025-10-05 06:58:13.243063,39824.5,40038.95,39557.45,39893.2,1865.25,2025-10-05 07:58:13.243063,74410749.27,933,932.62,37205374.64,0
2025-10-05 07:58:13.243063,40418.99,40444.61,40410.43,40440.93,1710.47,2025-10-05 08:58:13.243063,69172950.0,899,855.23,34586475.0,0
2025-10-05 08:58:13.243063,40303.64,40654.01,40222.25,40467.88,1718.83,2025-10-05 09:58:13.243063,69557327.76,970,859.41,34778663.88,0
2025-10-05 09:58:13.243063,40322.25,40604.78,40295.62,40496.01,1348.01,2025-10-05 10:58:13.243063,54589049.45,552,674.01,27294524.73,0
2025-10-05 10:58:13.243063,41158.45,41319.59,41077.6,41259.99,1524.75,2025-10-05 11:58:13.243063,62910970.89,627,762.37,31455485.45,0
2025-10-05 11:58:13.243063,40751.56,40841.75,40527.5,40838.28,1156.69,2025-10-05 12:58:13.243063,47237256.0,147,578.35,23618628.0,0
2025-10-05 12:58:13.243063,40698.06,41229.8,40530.0,40920.87,1005.21,2025-10-05 13:58:13.243063,41134212.34,265,502.61,20567106.17,0
2025-10-05 13:58:13.243063,40589.53,40780.56,40483.85,40546.63,1686.87,2025-10-05 14:58:13.243063,68396692.71,604,843.43,34198346.35,0
2025-10-05 14:58:13.243063,40211.69,40353.69,40029.4,40198.34,552.5,2025-10-05 15:58:13.243063,22209676.33,170,276.25,11104838.16,0
2025-10-05 15:58:13.243063,40193.53,40305.89,39922.68,39953.79,1994.43,2025-10-05 16:58:13.243063,79685019.09,343,997.21,39842509.55,0
2025-10-05 16:58:13.243063,40239.39,40283.99,39906.95,40135.29,1999.75,2025-10-05 17:58:13.243063,80260677.8,765,999.88,40130338.9,0
2025-10-05 17:58:13.243063,39612.26,39789.44,39488.99,39755.01,1320.32,2025-10-05 18:58:13.243063,52489513.24,144,660.16,26244756.62,0
2025-10-05 18:58:13.243063,40616.86,40835.31,40435.24,40757.44,1192.67,2025-10-05 19:58:13.243063,48609996.78,445,596.33,24304998.39,0
2025-10-05 19:58:13.243063,39907.23,40374.31,39732.43,40032.27,796.57,2025-10-05 20:58:13.243063,31888613.68,326,398.29,15944306.84,0
2025-10-05 20:58:13.243063,39974.36,40253.92,39654.68,39886.66,1445.32,2025-10-05 21:58:13.243063,57648893.39,429,722.66,28824446.7,0
2025-10-05 21:58:13.243063,39394.37,39858.99,39332.95,39539.86,753.9,2025-10-05 22:58:13.243063,29809233.53,583,376.95,14904616.76,0
2025-10-05 22:58:13.243063,41003.07,41069.15,40562.62,40688.08,2124.18,2025-10-05 23:58:13.243063,86428647.17,323,1062.09,43214323.58,0
2025-10-05 23:58:13.243063,40851.62,40866.94,40810.49,40852.1,831.73,2025-10-06 00:58:13.243063,33978053.49,434,415.87,16989026.75,0
2025-10-06 00:58:13.243063,41454.67,41908.45,41396.73,41699.24,1339.64,2025-10-06 01:58:13.243063,55861793.64,536,669.82,27930896.82,0
2025-10-06 01:58:13.243063,40227.75,40683.32,40133.33,40464.48,2218.62,2025-10-06 02:58:13.243063,89775144.58,723,1109.31,44887572.29,0
2025-10-06 02:58:13.243063,40610.48,40910.8,40400.04,40684.64,746.1,2025-10-06 03:58:13.243063,30354680.72,699,373.05,15177340.36,0
2025-10-06 03:58:13.243063,41310.75,41629.88,41147.82,41412.6,2193.16,2025-10-06 04:58:13.243063,90824298.55,628,1096.58,45412149.28,0
2025-10-06 04:58:13.243063,41466.23,41520.32,41298.29,41484.89,1720.72,2025-10-06 05:58:13.243063,71384084.22,545,860.36,35692042.11,0
2025-10-06 05:58:13.243063,42461.89,42752.2,42259.65,42373.07,2243.52,2025-10-06 06:58:13.243063,95064931.91,906,1121.76,47532465.95,0
2025-10-06 06:58:13.243063,41636.19,42226.5,41578.68,41938.92,1981.66,2025-10-06 07:58:13.243063,83108661.23,388,990.83,41554330.62,0
2025-10-06 07:58:13.243063,43097.31,43202.15,43022.02,43125.25,1124.8,2025-10-06 08:58:13.243063,48507475.98,388,562.4,24253737.99,0
2025-10-06 08:58:13.243063,45090.07,45173.26,44978.76,45112.37,1698.57,2025-10-06 09:58:13.243063,76626346.55,412,849.28,38313173.28,0
2025-10-06 09:58:13.243063,44945.2,45123.84,44389.31,44789.51,1069.43,2025-10-06 10:58:13.243063,47899055.6,769,534.71,23949527.8,0
2025-10-06 10:58:13.243063,44380.38,44462.39,44337.06,44394.91,1862.34,2025-10-06 11:58:13.243063,82678526.07,321,931.17,41339263.04,0
2025-10-06 11:58:13.243063,45706.13,45718.71,45629.63,45689.81,1873.8,2025-10-06 12:58:13.243063,85613718.64,327,936.9,42806859.32,0
2025-10-06 12:58:13.243063,47223.66,47399.54,46889.1,47137.79,1119.09,2025-10-06 13:58:13.243063,52751393.37,877,559.54,26375696.68,0
2025-10-06 13:58:13.243063,46333.31,46793.89,46325.76,46649.57,1168.67,2025-10-06 14:58:13.243063,54517813.68,416,584.33,27258906.84,0
2025-10-06 14:58:13.243063,46453.81,46513.63,46228.56,46262.21,895.32,2025-10-06 15:58:13.243063,41419284.08,709,447.66,20709642.04,0
2025-10-06 15:58:13.243063,46212.91,46375.64,45747.62,46006.11,1575.43,2025-10-06 16:58:13.243063,72479260.93,419,787.71,36239630.46,0
2025-10-06 16:58:13.243063,44923.94,45135.81,44641.71,44773.65,2051.57,2025-10-06 17:58:13.243063,91856227.17,441,1025.78,45928113.58,0
2025-10-06 17:58:13.243063,44027.61,44088.59,43753.6,43955.5,2241.14,2025-10-06 18:58:13.243063,98510230.76,590,1120.57,49255115.38,0
2025-10-06 18:58:13.243063,42754.47,43362.09,42688.04,43077.15,1017.6,2025-10-06 19:58:13.243063,43835121.46,738,508.8,21917560.73,0
2025-10-06 19:58:13.243063,42352.38,42769.4,42056.41,42419.97,730.73,2025-10-06 20:58:13.243063,30997715.34,494,365.37,15498857.67,0
2025-10-06 20:58:13.243063,42442.21,42492.6,42271.33,42394.78,616.93,2025-10-06 21:58:13.243063,26154685.6,844,308.47,13077342.8,0
2025-10-06 21:58:13.243063,42382.8,42779.79,42343.7,42597.61,1054.17,2025-10-06 22:58:13.243063,44905143.29,180,527.09,22452571.64,0
2025-10-06 22:58:13.243063,43925.34,44345.16,43568.25,43922.82,1095.3,2025-10-06 23:58:13.243063,48108581.47,940,547.65,24054290.74,0
2025-10-06 23:58:13.243063,43103.48,43198.55,42980.9,43050.2,2296.25,2025-10-07 00:58:13.243063,98853908.86,103,1148.12,49426954.43,0
2025-10-07 00:58:13.243063,43578.39,44006.56,43490.02,43902.02,802.41,2025-10-07 01:58:13.243063,35227315.12,613,401.2,17613657.56,0
2025-10-07 01:58:13.243063,44092.12,44095.3,43509.93,43718.51,1582.24,2025-10-07 02:58:13.243063,69173104.91,166,791.12,34586552.46,0
2025-10-07 02:58:13.243063,43677.31,44113.3,43501.47,43679.64,1348.71,2025-10-07 03:58:13.243063,58911021.41,373,674.35,29455510.71,0
2025-10-07 03:58:13.243063,44290.38,44311.8,44272.89,44273.52,1993.95,2025-10-07 04:58:13.243063,88279273.76,615,996.98,44139636.88,0
2025-10-07 04:58:13.243063,43315.77,43716.31,43159.65,43283.81,904.96,2025-10-07 05:58:13.243063,39170250.39,247,452.48,19585125.19,0
2025-10-07 05:58:13.243063,43699.26,43743.58,43273.35,43619.18,2114.7,2025-10-07 06:58:13.243063,92241453.51,309,1057.35,46120726.75,0
2025-10-07 06:58:13.243063,43684.82,44154.49,43625.08,43768.76,1866.93,2025-10-07 07:58:13.243063,81713331.11,672,933.47,40856665.55,0
2025-10-07 07:58:13.243063,44089.71,44277.03,44014.21,44204.21,1764.89,2025-10-07 08:58:13.243063,78015695.92,508,882.45,39007847.96,0
2025-10-07 08:58:13.243063,44604.74,44904.16,44439.94,44464.28,1294.8,2025-10-07 09:58:13.243063,57572134.3,552,647.4,28786067.15,0
2025-10-07 09:58:13.243063,46738.51,46799.58,46311.99,46652.19,2846.97,2025-10-07 10:58:13.243063,132817312.84,824,1423.48,66408656.42,0
2025-10-07 10:58:13.243063,46341.24,46453.61,45808.23,46061.82,1076.14,2025-10-07 11:58:13.243063,49569037.22,458,538.07,24784518.61,0
2025-10-07 11:58:13.243063,45466.31,45721.69,45364.23,45577.25,2146.76,2025-10-07 12:58:13.243063,97843338.47,381,1073.38,48921669.24,0
2025-10-07 12:58:13.243063,44792.71,45057.92,44776.65,45013.79,748.13,2025-10-07 13:58:13.243063,33676082.06,297,374.06,16838041.03,0
2025-10-07 13:58:13.243063,44644.88,44724.93,44325.33,44518.21,1786.38,2025-10-07 14:58:13.243063,79526381.95,483,893.19,39763190.98,0
2025-10-07 14:58:13.243063,44037.24,44101.83,43816.05,43955.15,651.23,2025-10-07 15:58:13.243063,28624750.4,111,325.61,14312375.2,0
2025-10-07 15:58:13.243063,44865.04,45362.85,44790.08,45004.81,1057.13,2025-10-07 16:58:13.243063,47576004.69,939,528.57,23788002.34,0
2025-10-07 16:58:13.243063,46309.65,46685.75,45959.36,46287.91,1645.55,2025-10-07 17:58:13.243063,76169198.92,977,822.78,38084599.46,0
2025-10-07 17:58:13.243063,46104.04,46206.14,45665.65,45764.16,885.92,2025-10-07 18:58:13.243063,40543176.51,292,442.96,20271588.26,0
2025-10-07 18:58:13.243063,45277.88,45311.19,44824.62,45006.9,738.34,2025-10-07 19:58:13.243063,33230525.95,560,369.17,16615262.98,0
2025-10-07 19:58:13.243063,45154.57,45853.07,45024.95,45435.74,1150.0,2025-10-07 20:58:13.243063,52251082.49,657,575.0,26125541.24,0
2025-10-07 20:58:13.243063,44966.9,45010.1,44503.45,44938.47,832.56,2025-10-07 21:58:13.243063,37413757.48,209,416.28,18706878.74,0
2025-10-07 21:58:13.243063,45185.58,45550.69,45097.92,45511.82,1267.89,2025-10-07 22:58:13.243063,57703936.46,503,633.94,28851968.23,0
2025-10-07 22:58:13.243063,45737.81,45974.83,45668.3,45701.08,1976.13,2025-10-07 23:58:13.243063,90311337.26,917,988.07,45155668.63,0
2025-10-07 23:58:13.243063,44427.67,44666.5,44311.63,44320.23,1877.62,2025-10-08 00:58:13.243063,83216456.04,347,938.81,41608228.02,0
2025-10-08 00:58:13.243063,45457.43,46112.02,45406.71,45696.37,2442.13,2025-10-08 01:58:13.243063,111596472.45,961,1221.06,55798236.22,0
2025-10-08 01:58:13.243063,47177.83,47379.04,47090.21,47342.25,1481.58,2025-10-08 02:58:13.243063,70141463.32,261,740.79,35070731.66,0
2025-10-08 02:58:13.243063,46680.14,47037.11,46318.75,46766.76,700.27,2025-10-08 03:58:13.243063,32749320.36,658,350.13,16374660.18,0
2025-10-08 03:58:13.243063,46252.88,46566.7,46011.59,46408.81,849.67,2025-10-08 04:58:13.243063,39432154.14,271,424.83,19716077.07,0
2025-10-08 04:58:13.243063,46925.25,47037.63,46554.81,46678.78,855.88,2025-10-08 05:58:13.243063,39951585.38,389,427.94,19975792.69,0
2025-10-08 05:58:13.243063,47169.26,47214.45,46552.43,46995.69,865.32,2025-10-08 06:58:13.243063,40666346.69,422,432.66,20333173.35,0
2025-10-08 06:58:13.243063,47521.14,47690.51,47376.52,47619.37,2096.8,2025-10-08 07:58:13.243063,99848430.45,937,1048.4,49924215.23,0
2025-10-08 07:58:13.243063,49683.64,49728.64,49295.02,49538.62,2399.29,2025-10-08 08:58:13.243063,118857351.25,103,1199.64,59428675.63,0
2025-10-08 08:58:13.243063,49244.17,49526.27,49160.04,49368.26,826.85,2025-10-08 09:58:13.243063,40819993.9,134,413.42,20409996.95,0
2025-10-08 09:58:13.243063,48480.49,48897.57,48457.45,48584.99,980.77,2025-10-08 10:58:13.243063,47650663.3,821,490.38,23825331.65,0
2025-10-08 10:58:13.243063,47283.68,47651.89,47021.32,47249.56,2507.38,2025-10-08 11:58:13.243063,118472485.68,280,1253.69,59236242.84,0
2025-10-08 11:58:13.243063,46468.46,46663.84,46427.66,46563.57,1224.26,2025-10-08 12:58:13.243063,57005876.06,919,612.13,28502938.03,0
2025-10-08 12:58:13.243063,46792.38,46823.74,46345.66,46537.37,575.92,2025-10-08 13:58:13.243063,26801709.4,289,287.96,13400854.7,0
2025-10-08 13:58:13.243063,47938.06,48485.13,47915.53,48212.31,1502.1,2025-10-08 14:58:13.243063,72419770.67,684,751.05,36209885.34,0
2025-10-08 14:58:13.243063,47617.91,48051.13,47413.51,47718.02,705.92,2025-10-08 15:58:13.243063,33685256.5,484,352.96,16842628.25,0
2025-10-08 15:58:13.243063,47727.29,47998.09,47482.11,47936.37,1020.54,2025-10-08 16:58:13.243063,48921128.46,789,510.27,24460564.23,0
2025-10-08 16:58:13.243063,48091.25,48164.06,47776.83,47925.42,1804.84,2025-10-08 17:58:13.243063,86497810.74,705,902.42,43248905.37,0
2025-10-08 17:58:13.243063,49021.11,49092.34,48791.4,49069.29,872.96,2025-10-08 18:58:13.243063,42835745.55,305,436.48,21417872.77,0
2025-10-08 18:58:13.243063,51893.99,52009.06,51543.72,51554.1,1823.72,2025-10-08 19:58:13.243063,94020328.12,502,911.86,47010164.06,0
2025-10-08 19:58:13.243063,50745.6,51015.5,50593.89,51011.88,1449.05,2025-10-08 20:58:13.243063,73918608.06,709,724.52,36959304.03,0
2025-10-08 20:58:13.243063,50479.91,50872.59,50034.7,50517.64,1206.12,2025-10-08 21:58:13.243063,60930095.0,958,603.06,30465047.5,0
2025-10-08 21:58:13.243063,51485.21,51908.85,51423.88,51577.66,2133.94,2025-10-08 22:58:13.243063,110063656.92,425,1066.97,55031828.46,0
2025-10-08 22:58:13.243063,52157.72,52631.56,52040.05,52286.23,1595.21,2025-10-08 23:58:13.243063,83407359.95,154,797.6,41703679.97,0
2025-10-08 23:58:13.243063,54153.18,54446.73,53926.21,54222.6,2224.08,2025-10-09 00:58:13.243063,120595163.81,845,1112.04,60297581.9,0
2025-10-09 00:58:13.243063,54926.25,55284.38,54839.97,54861.27,1458.61,2025-10-09 01:58:13.243063,80021251.7,941,729.31,40010625.85,0
2025-10-09 01:58:13.243063,54290.64,54927.35,54013.58,54472.53,1225.25,2025-10-09 02:58:13.243063,66742251.17,523,612.62,33371125.59,0
2025-10-09 02:58:13.243063,55202.7,55208.21,55104.34,55121.47,963.65,2025-10-09 03:58:13.243063,53117736.64,315,481.82,26558868.32,0
2025-10-09 03:58:13.243063,56156.6,56396.23,55826.04,56349.25,1834.79,2025-10-09 04:58:13.243063,103389033.75,920,917.4,51694516.87,0
2025-10-09 04:58:13.243063,56945.05,57477.52,56923.55,57279.55,908.96,2025-10-09 05:58:13.243063,52064833.73,848,454.48,26032416.87,0
2025-10-09 05:58:13.243063,57907.15,58310.11,57663.5,57866.41,1433.56,2025-10-09 06:58:13.243063,82954786.43,100,716.78,41477393.21,0
2025-10-09 06:58:13.243063,59050.15,59249.28,58983.61,59106.69,2075.13,2025-10-09 07:58:13.243063,122653875.73,351,1037.56,61326937.87,0
2025-10-09 07:58:13.243063,60554.17,60610.72,60189.81,60494.86,1064.48,2025-10-09 08:58:13.243063,64395502.26,170,532.24,32197751.13,0
2025-10-09 08:58:13.243063,62086.35,62394.77,61708.34,62173.18,2203.81,2025-10-09 09:58:13.243063,137018041.78,963,1101.91,68509020.89,0
2025-10-09 09:58:13.243063,63039.67,63485.31,62605.73,62986.05,633.33,2025-10-09 10:58:13.243063,39891121.34,985,316.67,19945560.67,0
2025-10-09 10:58:13.243063,62910.48,63022.58,62686.25,62781.82,956.47,2025-10-09 11:58:13.243063,60048974.64,627,478.24,30024487.32,0
2025-10-09 11:58:13.243063,63235.27,63341.82,62691.63,62972.32,924.68,2025-10-09 12:58:13.243063,58229351.14,503,462.34,29114675.57,0
2025-10-09 12:58:13.243063,64677.57,64844.95,64070.12,64498.15,1356.86,2025-10-09 13:58:13.243063,87514675.05,681,678.43,43757337.52,0
2025-10-09 13:58:13.243063,63122.3,63546.35,62859.01,63450.78,1853.17,2025-10-09 14:58:13.243063,117585280.01,118,926.59,58792640.01,0
2025-10-09 14:58:13.243063,64002.27,64056.15,63613.61,63924.98,1387.36,2025-10-09 15:58:13.243063,88686730.78,936,693.68,44343365.39,0
2025-10-09 15:58:13.243063,63191.4,63735.35,63117.4,63428.49,1836.33,2025-10-09 16:58:13.243063,116475575.1,322,918.16,58237787.55,0
2025-10-09 16:58:13.243063,63977.15,64042.29,62893.18,63471.3,1288.99,2025-10-09 17:58:13.243063,81813659.94,709,644.49,40906829.97,0
2025-10-09 17:58:13.243063,65371.08,65607.36,65015.25,65100.54,693.0,2025-10-09 18:58:13.243063,45114543.38,547,346.5,22557271.69,0
2025-10-09 18:58:13.243063,65316.9,65457.07,65236.32,65355.87,1193.71,2025-10-09 19:58:13.243063,78015678.35,660,596.85,39007839.17,0
2025-10-09 19:58:13.243063,65162.64,65471.79,65093.57,65423.1,1374.96,2025-10-09 20:58:13.243063,89954369.25,673,687.48,44977184.62,0
2025-10-09 20:58:13.243063,63457.03,64004.67,63180.4,63650.32,2094.13,2025-10-09 21:58:13.243063,133291942.82,489,1047.06,66645971.41,0
2025-10-09 21:58:13.243063,64201.39,64919.49,64187.96,64606.67,1703.51,2025-10-09 22:58:13.243063,110058200.47,656,851.76,55029100.23,0
2025-10-09 22:58:13.243063,65414.58,65649.97,65391.04,65447.19,2130.05,2025-10-09 23:58:13.243063,139405566.71,720,1065.02,69702783.35,0
2025-10-09 23:58:13.243063,68237.47,68372.1,68041.72,68285.31,2513.7,2025-10-10 00:58:13.243063,171648967.25,139,1256.85,85824483.62,0
2025-10-10 00:58:13.243063,67274.92,68032.41,67267.91,67871.8,850.67,2025-10-10 01:58:13.243063,57736524.14,963,425.34,28868262.07,0
2025-10-10 01:58:13.243063,68037.64,68594.27,67997.68,68176.07,566.6,2025-10-10 02:58:13.243063,38628411.0,320,283.3,19314205.5,0
2025-10-10 02:58:13.243063,68878.32,69126.95,68237.93,68522.93,1972.94,2025-10-10 03:58:13.243063,135191968.8,467,986.47,67595984.4,0
2025-10-10 03:58:13.243063,70780.8,70826.83,70326.06,70691.62,2246.67,2025-10-10 04:58:13.243063,158820907.04,159,1123.34,79410453.52,0
2025-10-10 04:58:13.243063,70970.09,71052.66,70160.4,70563.95,696.07,2025-10-10 05:58:13.243063,49117418.96,580,348.03,24558709.48,0
2025-10-10 05:58:13.243063,71114.88,71588.9,70673.82,70964.79,640.1,2025-10-10 06:58:13.243063,45424338.95,350,320.05,22712169.47,0
2025-10-10 06:58:13.243063,71413.55,72067.78,71155.74,71834.67,1337.33,2025-10-10 07:58:13.243063,96066816.89,704,668.67,48033408.45,0
2025-10-10 07:58:13.243063,72104.61,72226.9,71759.18,72109.95,1869.27,2025-10-10 08:58:13.243063,134793183.95,663,934.64,67396591.97,0
2025-10-10 08:58:13.243063,71920.69,71951.51,71383.06,71473.32,760.56,2025-10-10 09:58:13.243063,54359837.66,797,380.28,27179918.83,0
2025-10-10 09:58:13.243063,71707.12,71947.94,71087.98,71757.91,1695.65,2025-10-10 10:58:13.243063,121676487.05,297,847.83,60838243.52,0
2025-10-10 10:58:13.243063,73451.81,73630.69,72853.02,73305.92,797.44,2025-10-10 11:58:13.243063,58457247.06,966,398.72,29228623.53,0
2025-10-10 11:58:13.243063,72299.8,72447.51,71614.12,71808.26,1538.48,2025-10-10 12:58:13.243063,110475575.87,515,769.24,55237787.93,0
2025-10-10 12:58:13.243063,72058.66,72232.82,71588.07,72006.4,1147.21,2025-10-10 13:58:13.243063,82606119.87,666,573.6,41303059.94,0
2025-10-10 13:58:13.243063,70552.45,71501.89,70500.4,71005.34,2038.42,2025-10-10 14:58:13.243063,144738872.14,512,1019.21,72369436.07,0
2025-10-10 14:58:13.243063,72710.81,72900.34,72533.75,72709.53,2269.52,2025-10-10 15:58:13.243063,165016012.43,440,1134.76,82508006.22,0
2025-10-10 15:58:13.243063,70717.67,71030.37,70433.54,70501.8,2591.02,2025-10-10 16:58:13.243063,182671390.12,793,1295.51,91335695.06,0
2025-10-10 16:58:13.243063,69487.11,69867.53,69371.14,69720.75,1237.79,2025-10-10 17:58:13.243063,86299857.22,802,618.9,43149928.61,0
2025-10-10 17:58:13.243063,70740.92,70795.53,70093.46,70253.71,1495.02,2025-10-10 18:58:13.243063,105030666.34,441,747.51,52515333.17,0
2025-10-10 18:58:13.243063,72471.09,72824.12,72021.98,72460.42,1615.83,2025-10-10 19:58:13.243063,117083944.92,554,807.92,58541972.46,0
2025-10-10 19:58:13.243063,72172.01,72500.05,71784.18,72372.38,705.08,2025-10-10 20:58:13.243063,51028586.85,789,352.54,25514293.42,0
2025-10-10 20:58:13.243063,71394.44,72243.4,70897.95,71575.99,780.66,2025-10-10 21:58:13.243063,55876774.96,566,390.33,27938387.48,0
2025-10-10 21:58:13.243063,73725.04,74359.7,73582.33,74276.06,1210.79,2025-10-10 22:58:13.243063,89932812.14,465,605.4,44966406.07,0
2025-10-10 22:58:13.243063,71946.91,72408.82,71559.22,72132.43,974.38,2025-10-10 23:58:13.243063,70284406.56,340,487.19,35142203.28,0
2025-10-10 23:58:13.243063,69142.82,69318.67,68865.85,68967.54,1940.34,2025-10-11 00:58:13.243063,133820723.8,743,970.17,66910361.9,0
2025-10-11 00:58:13.243063,70164.43,70233.84,68946.61,69581.37,944.25,2025-10-11 01:58:13.243063,65701894.78,218,472.12,32850947.39,0
2025-10-11 01:58:13.243063,69074.85,69097.9,68273.04,68889.66,1966.83,2025-10-11 02:58:13.243063,135494399.64,199,983.42,67747199.82,0
2025-10-11 02:58:13.243063,67212.39,68128.92,67203.78,67489.5,1400.09,2025-10-11 03:58:13.243063,94491132.96,141,700.04,47245566.48,0
2025-10-11 03:58:13.243063,68506.61,68824.68,68220.63,68452.38,1622.31,2025-10-11 04:58:13.243063,111051251.36,881,811.16,55525625.68,0
2025-10-11 04:58:13.243063,69112.2,69248.34,68494.41,68793.0,1950.85,2025-10-11 05:58:13.243063,134204562.35,207,975.42,67102281.17,0
2025-10-11 05:58:13.243063,67856.39,68385.63,67830.25,68023.79,1670.86,2025-10-11 06:58:13.243063,113658156.53,876,835.43,56829078.27,0
2025-10-11 06:58:13.243063,66301.97,66396.75,65750.23,66288.77,2348.86,2025-10-11 07:58:13.243063,155703023.46,338,1174.43,77851511.73,0
2025-10-11 07:58:13.243063,67692.03,68061.81,67235.79,67452.08,676.8,2025-10-11 08:58:13.243063,45651728.02,139,338.4,22825864.01,0
2025-10-11 08:58:13.243063,68236.25,68828.25,68032.23,68335.97,888.57,2025-10-11 09:58:13.243063,60721165.95,702,444.28,30360582.97,0
2025-10-11 09:58:13.243063,67701.17,68207.53,67657.58,68207.26,802.06,2025-10-11 10:58:13.243063,54706460.15,447,401.03,27353230.07,0
2025-10-11 10:58:13.243063,70672.58,71076.12,70482.06,70733.16,2666.48,2025-10-11 11:58:13.243063,188608880.47,677,1333.24,94304440.24,0
2025-10-11 11:58:13.243063,69203.4,69242.65,68928.63,69226.43,1155.02,2025-10-11 12:58:13.243063,79957607.45,185,577.51,39978803.72,0
2025-10-11 12:58:13.243063,67236.74,67630.25,66714.45,67121.22,756.86,2025-10-11 13:58:13.243063,50801142.51,226,378.43,25400571.26,0
2025-10-11 13:58:13.243063,66338.6,66611.22,66061.52,66199.09,1498.3,2025-10-11 14:58:13.243063,99185997.85,355,749.15,49592998.93,0
2025-10-11 14:58:13.243063,66443.82,66772.7,65588.11,66145.36,622.0,2025-10-11 15:58:13.243063,41142349.51,195,311.0,20571174.75,0
2025-10-11 15:58:13.243063,66792.02,66801.46,66367.06,66473.89,774.42,2025-10-11 16:58:13.243063,51478997.62,538,387.21,25739498.81,0
2025-10-11 16:58:13.243063,65822.47,66400.72,65736.8,66159.82,1199.6,2025-10-11 17:58:13.243063,79364995.2,347,599.8,39682497.6,0
2025-10-11 17:58:13.243063,67170.44,67223.8,66605.23,66632.27,1874.42,2025-10-11 18:58:13.243063,124897148.2,367,937.21,62448574.1,0
2025-10-11 18:58:13.243063,65466.22,65483.89,64950.8,64971.08,1611.47,2025-10-11 19:58:13.243063,104699121.57,372,805.74,52349560.79,0
2025-10-11 19:58:13.243063,67092.98,67096.03,66809.24,66853.63,720.89,2025-10-11 20:58:13.243063,48194236.85,689,360.45,24097118.42,0
2025-10-11 20:58:13.243063,66345.59,67046.0,66117.07,66750.48,1318.16,2025-10-11 21:58:13.243063,87987854.35,534,659.08,43993927.18,0
2025-10-11 21:58:13.243063,68304.29,68728.45,68202.34,68248.75,1006.32,2025-10-11 22:58:13.243063,68679973.37,764,503.16,34339986.68,0
2025-10-11 22:58:13.243063,68442.08,68853.37,68329.27,68723.39,1917.09,2025-10-11 23:58:13.243063,131749100.47,947,958.55,65874550.24,0
2025-10-11 23:58:13.243063,69255.06,69717.67,69113.7,69358.05,627.74,2025-10-12 00:58:13.243063,43539017.73,341,313.87,21769508.87,0
2025-10-12 00:58:13.243063,70567.7,70614.33,69780.99,70155.35,1220.22,2025-10-12 01:58:13.243063,85605154.4,724,610.11,42802577.2,0
2025-10-12 01:58:13.243063,70617.61,71136.94,70427.69,70790.55,1289.49,2025-10-12 02:58:13.243063,91283352.2,523,644.74,45641676.1,0
2025-10-12 02:58:13.243063,71422.09,72214.32,71033.09,71707.6,636.27,2025-10-12 03:58:13.243063,45625626.89,546,318.14,22812813.44,0
2025-10-12 03:58:13.243063,73896.1,74021.82,73496.97,73620.98,2505.02,2025-10-12 04:58:13.243063,184422213.17,951,1252.51,92211106.59,0
2025-10-12 04:58:13.243063,73829.14,74063.4,73270.65,73917.7,1228.36,2025-10-12 05:58:13.243063,90797537.66,586,614.18,45398768.83,0
2025-10-12 05:58:13.243063,74985.35,75610.22,74613.28,74973.25,1416.93,2025-10-12 06:58:13.243063,106231533.04,621,708.46,53115766.52,0
2025-10-12 06:58:13.243063,74721.91,74987.71,74171.9,74846.19,1474.48,2025-10-12 07:58:13.243063,110358847.42,189,737.24,55179423.71,0
2025-10-12 07:58:13.243063,76960.22,77474.69,76916.27,77009.42,1664.09,2025-10-12 08:58:13.243063,128150294.57,462,832.04,64075147.28,0
2025-10-12 08:58:13.243063,76129.58,76422.7,75907.57,75975.35,864.52,2025-10-12 09:58:13.243063,65682549.4,988,432.26,32841274.7,0
2025-10-12 09:58:13.243063,78498.19,79161.23,78178.35,78719.49,874.03,2025-10-12 10:58:13.243063,68803218.73,978,437.02,34401609.37,0
2025-10-12 10:58:13.243063,78693.75,78889.32,78330.75,78664.14,540.82,2025-10-12 11:58:13.243063,42543315.82,829,270.41,21271657.91,0
2025-10-12 11:58:13.243063,76246.74,76831.05,76208.38,76420.99,955.83,2025-10-12 12:58:13.243063,73045552.99,905,477.92,36522776.49,0
2025-10-12 12:58:13.243063,76479.99,77150.09,76432.95,76624.43,1576.81,2025-10-12 13:58:13.243063,120822215.92,615,788.41,60411107.96,0
2025-10-12 13:58:13.243063,75439.43,75894.16,75313.54,75588.39,1707.83,2025-10-12 14:58:13.243063,129092089.77,973,853.91,64546044.88,0
2025-10-12 14:58:13.243063,76659.81,77001.87,76407.82,76866.81,1367.92,2025-10-12 15:58:13.243063,105147586.47,328,683.96,52573793.24,0
2025-10-12 15:58:13.243063,76043.28,76497.23,75503.02,75871.19,1081.11,2025-10-12 16:58:13.243063,82025476.14,263,540.56,41012738.07,0
2025-10-12 16:58:13.243063,74782.76,75266.34,74664.7,75201.73,1670.57,2025-10-12 17:58:13.243063,125629475.68,451,835.28,62814737.84,0
2025-10-12 17:58:13.243063,72263.27,72668.2,72027.78,72367.31,896.27,2025-10-12 18:58:13.243063,64860708.99,378,448.14,32430354.5,0
2025-10-12 18:58:13.243063,71515.33,72195.94,71242.41,71719.91,1296.63,2025-10-12 19:58:13.243063,92993940.91,274,648.31,46496970.45,0
2025-10-12 19:58:13.243063,68377.4,68393.85,68234.54,68250.27,1210.85,2025-10-12 20:58:13.243063,82640850.01,304,605.43,41320425.0,0
2025-10-12 20:58:13.243063,66182.82,66279.86,66010.85,66095.06,806.2,2025-10-12 21:58:13.243063,53285688.32,220,403.1,26642844.16,0
2025-10-12 21:58:13.243063,67346.61,67539.54,66878.93,67106.86,1540.68,2025-10-12 22:58:13.243063,103389994.02,330,770.34,51694997.01,0
2025-10-12 22:58:13.243063,68369.46,68611.88,68088.96,68168.23,1338.51,2025-10-12 23:58:13.243063,91243933.98,341,669.26,45621966.99,0
2025-10-12 23:58:13.243063,69169.27,69170.38,68156.01,68755.1,1533.17,2025-10-13 00:58:13.243063,105413575.98,464,766.59,52706787.99,0
2025-10-13 00:58:13.243063,67414.85,67584.14,67258.92,67432.28,1253.11,2025-10-13 01:58:13.243063,84499922.55,922,626.55,42249961.27,0
2025-10-13 01:58:13.243063,67314.74,67622.82,67123.07,67374.68,1769.92,2025-10-13 02:58:13.243063,119247885.35,685,884.96,59623942.67,0
2025-10-13 02:58:13.243063,67674.02,67790.37,67151.43,67376.56,557.7,2025-10-13 03:58:13.243063,37576017.54,883,278.85,18788008.77,0
2025-10-13 03:58:13.243063,65858.35,66159.87,65560.23,65822.37,1847.39,2025-10-13 04:58:13.243063,121599701.07,111,923.7,60799850.54,0
2025-10-13 04:58:13.243063,67811.75,68399.08,67505.17,67808.09,920.77,2025-10-13 05:58:13.243063,62435454.11,495,460.38,31217727.05,0
2025-10-13 05:58:13.243063,69147.65,69347.21,68726.18,69004.72,1331.0,2025-10-13 06:58:13.243063,91845004.83,965,665.5,45922502.42,0
2025-10-13 06:58:13.243063,68257.57,69118.41,68151.88,68706.67,1143.27,2025-10-13 07:58:13.243063,78550517.65,403,571.64,39275258.82,0
2025-10-13 07:58:13.243063,68235.51,69142.01,68158.46,68750.48,612.75,2025-10-13 08:58:13.243063,42126516.17,865,306.37,21063258.09,0
2025-10-13 08:58:13.243063,68912.6,69190.85,68582.15,69043.89,1824.0,2025-10-13 09:58:13.243063,125935789.83,212,912.0,62967894.91,0
2025-10-13 09:58:13.243063,66292.98,66317.36,65862.62,66231.41,1579.74,2025-10-13 10:58:13.243063,104628549.19,394,789.87,52314274.6,0
2025-10-13 10:58:13.243063,66145.27,66310.48,65297.35,65910.61,2089.77,2025-10-13 11:58:13.243063,137737900.39,120,1044.88,68868950.2,0
2025-10-13 11:58:13.243063,65007.31,65091.58,64621.94,65018.2,1053.5,2025-10-13 12:58:13.243063,68496461.86,315,526.75,34248230.93,0
2025-10-13 12:58:13.243063,63884.81,64223.71,63686.3,63722.23,1509.61,2025-10-13 13:58:13.243063,96195446.61,604,754.8,48097723.3,0
2025-10-13 13:58:13.243063,63566.16,63832.08,63145.49,63370.36,1454.16,2025-10-13 14:58:13.243063,92150631.32,592,727.08,46075315.66,0
2025-10-13 14:58:13.243063,65534.77,66075.61,65484.75,65655.1,923.68,2025-10-13 15:58:13.243063,60644232.91,302,461.84,30322116.45,0
2025-10-13 15:58:13.243063,66569.48,66835.8,65944.23,66503.15,1901.02,2025-10-13 16:58:13.243063,126424095.28,415,950.51,63212047.64,0
2025-10-13 16:58:13.243063,65591.97,66016.16,65491.25,65750.1,658.84,2025-10-13 17:58:13.243063,43318845.83,631,329.42,21659422.92,0
2025-10-13 17:58:13.243063,66434.56,67167.55,66398.66,66509.62,1862.13,2025-10-13 18:58:13.243063,123849498.04,327,931.06,61924749.02,0
2025-10-13 18:58:13.243063,68888.01,68944.98,67896.35,68377.69,1426.11,2025-10-13 19:58:13.243063,97514111.24,695,713.06,48757055.62,0
2025-10-13 19:58:13.243063,69552.84,69972.78,69209.81,69649.01,928.52,2025-10-13 20:58:13.243063,64670456.64,557,464.26,32335228.32,0
2025-10-13 20:58:13.243063,69860.66,70107.67,69173.73,69739.04,1515.02,2025-10-13 21:58:13.243063,105656093.45,202,757.51,52828046.73,0
2025-10-13 21:58:13.243063,69250.76,69339.78,68499.25,68843.68,2121.15,2025-10-13 22:58:13.243063,146027749.97,149,1060.57,73013874.98,0
2025-10-13 22:58:13.243063,70005.63,70384.83,69785.61,69811.93,1498.18,2025-10-13 23:58:13.243063,104590810.59,233,749.09,52295405.3,0
2025-10-13 23:58:13.243063,70451.96,70893.48,70362.43,70368.31,1480.48,2025-10-14 00:58:13.243063,104178554.71,742,740.24,52089277.36,0
2025-10-14 00:58:13.243063,71910.45,72291.85,71129.82,71635.21,1288.03,2025-10-14 01:58:13.243063,92268012.01,101,644.01,46134006.01,0
2025-10-14 01:58:13.243063,72485.25,72639.56,72164.55,72552.39,1270.36,2025-10-14 02:58:13.243063,92167734.96,757,635.18,46083867.48,0
2025-10-14 02:58:13.243063,74112.43,74469.2,74027.64,74082.59,2131.2,2025-10-14 03:58:13.243063,157884769.96,752,1065.6,78942384.98,0
2025-10-14 03:58:13.243063,73945.55,73952.8,73210.8,73296.97,900.44,2025-10-14 04:58:13.243063,65999817.57,110,450.22,32999908.78,0
2025-10-14 04:58:13.243063,75666.61,75985.93,75024.05,75235.52,967.36,2025-10-14 05:58:13.243063,72779526.95,622,483.68,36389763.47,0
2025-10-14 05:58:13.243063,75918.34,76223.28,75298.51,75540.37,813.54,2025-10-14 06:58:13.243063,61454819.0,662,406.77,30727409.5,0
2025-10-14 06:58:13.243063,78652.01,78947.97,78517.06,78683.24,1087.9,2025-10-14 07:58:13.243063,85599384.86,911,543.95,42799692.43,0
2025-10-14 07:58:13.243063,77639.78,77914.81,77416.21,77606.56,1115.02,2025-10-14 08:58:13.243063,86532489.92,769,557.51,43266244.96,0
2025-10-14 08:58:13.243063,80931.47,81088.74,79956.99,80308.77,1818.44,2025-10-14 09:58:13.243063,146036282.4,241,909.22,73018141.2,0
2025-10-14 09:58:13.243063,80852.34,81191.56,80220.67,80634.68,1908.98,2025-10-14 10:58:13.243063,153930013.6,496,954.49,76965006.8,0
2025-10-14 10:58:13.243063,79637.12,80309.47,78994.73,79592.2,1586.46,2025-10-14 11:58:13.243063,126269455.88,393,793.23,63134727.94,0
2025-10-14 11:58:13.243063,78360.88,79605.26,78303.82,78829.89,1084.75,2025-10-14 12:58:13.243063,85510395.22,660,542.37,42755197.61,0
2025-10-14 12:58:13.243063,78342.28,78376.84,78314.01,78332.72,1062.04,2025-10-14 13:58:13.243063,83192781.4,494,531.02,41596390.7,0
2025-10-14 13:58:13.243063,79107.64,79212.61,78874.93,79005.07,1381.02,2025-10-14 14:58:13.243063,109107912.73,280,690.51,54553956.37,0
2025-10-14 14:58:13.243063,79419.17,80094.26,79366.61,79839.1,797.31,2025-10-14 15:58:13.243063,63656702.67,165,398.66,31828351.34,0
2025-10-14 15:58:13.243063,79267.51,79572.18,78337.13,78931.01,1753.57,2025-10-14 16:58:13.243063,138411079.92,702,876.79,69205539.96,0
2025-10-14 16:58:13.243063,78427.58,79276.81,78393.7,78900.46,1437.74,2025-10-14 17:58:13.243063,113438390.89,800,718.87,56719195.45,0
2025-10-14 17:58:13.243063,82190.52,82700.61,81994.68,82288.87,2093.01,2025-10-14 18:58:13.243063,172231519.16,723,1046.51,86115759.58,0
2025-10-14 18:58:13.243063,85643.97,85881.8,84848.79,85140.25,1807.06,2025-10-14 19:58:13.243063,153853546.58,894,903.53,76926773.29,0
2025-10-14 19:58:13.243063,85966.04,86345.09,85447.14,85891.74,1767.31,2025-10-14 20:58:13.243063,151797554.62,968,883.66,75898777.31,0
2025-10-14 20:58:13.243063,86022.04,86028.85,85919.68,85965.61,1305.95,2025-10-14 21:58:13.243063,112266770.77,653,652.97,56133385.38,0
2025-10-14 21:58:13.243063,86481.2,86596.34,86099.87,86180.58,1661.37,2025-10-14 22:58:13.243063,143177665.0,380,830.68,71588832.5,0
2025-10-14 22:58:13.243063,86587.9,87513.85,86515.68,87246.67,2047.0,2025-10-14 23:58:13.243063,178594217.25,330,1023.5,89297108.63,0
2025-10-14 23:58:13.243063,85556.88,85977.51,84670.69,85470.69,1349.97,2025-10-15 00:58:13.243063,115382439.54,720,674.98,57691219.77,0
2025-10-15 00:58:13.243063,85330.04,85331.79,84803.49,85039.27,1708.27,2025-10-15 01:58:13.243063,145269826.57,680,854.13,72634913.28,0
2025-10-15 01:58:13.243063,82179.78,82501.95,82169.46,82209.87,1774.21,2025-10-15 02:58:13.243063,145857445.72,785,887.1,72928722.86,0
2025-10-15 02:58:13.243063,82215.88,83319.84,82177.7,82874.49,1135.03,2025-10-15 03:58:13.243063,94064649.33,313,567.51,47032324.66,0
2025-10-15 03:58:13.243063,84311.0,84331.01,83894.74,83955.5,943.78,2025-10-15 04:58:13.243063,79235907.64,930,471.89,39617953.82,0
2025-10-15 04:58:13.243063,82983.34,83506.72,82333.09,83152.57,2077.6,2025-10-15 05:58:13.243063,172757908.16,104,1038.8,86378954.08,0
2025-10-15 05:58:13.243063,85201.79,86420.34,85003.89,85778.51,847.62,2025-10-15 06:58:13.243063,72707742.96,482,423.81,36353871.48,0
2025-10-15 06:58:13.243063,83881.84,84465.54,83230.31,83684.2,885.45,2025-10-15 07:58:13.243063,74098202.7,100,442.73,37049101.35,0
2025-10-15 07:58:13.243063,81632.8,81899.84,81170.52,81241.67,2418.29,2025-10-15 08:58:13.243063,196466130.78,287,1209.15,98233065.39,0
2025-10-15 08:58:13.243063,81916.85,82157.45,81550.26,81614.49,780.13,2025-10-15 09:58:13.243063,63669674.62,762,390.06,31834837.31,0
2025-10-15 09:58:13.243063,83327.61,83582.84,82945.67,83331.82,916.18,2025-10-15 10:58:13.243063,76346853.15,767,458.09,38173426.57,0
2025-10-15 10:58:13.243063,85707.62,86407.36,85576.04,86146.65,2049.72,2025-10-15 11:58:13.243063,176576811.87,215,1024.86,88288405.94,0
2025-10-15 11:58:13.243063,85583.27,85727.74,85153.61,85364.64,974.12,2025-10-15 12:58:13.243063,83155484.09,893,487.06,41577742.04,0
2025-10-15 12:58:13.243063,87626.09,87992.59,87043.47,87214.8,768.46,2025-10-15 13:58:13.243063,67021249.67,452,384.23,33510624.84,0
2025-10-15 13:58:13.243063,87329.03,87778.05,86581.62,87156.35,930.0,2025-10-15 14:58:13.243063,81055611.51,440,465.0,40527805.75,0
2025-10-15 14:58:13.243063,86599.35,86953.57,86239.58,86864.15,1615.55,2025-10-15 15:58:13.243063,140333702.71,324,807.78,70166851.35,0
2025-10-15 15:58:13.243063,88127.52,88694.83,88112.53,88408.01,1191.36,2025-10-15 16:58:13.243063,105325803.2,822,595.68,52662901.6,0
2025-10-15 16:58:13.243063,89683.61,90373.97,89106.09,89570.26,618.05,2025-10-15 17:58:13.243063,55358694.51,891,309.02,27679347.25,0
2025-10-15 17:58:13.243063,86342.13,86766.54,85935.64,86755.26,1331.23,2025-10-15 18:58:13.243063,115491627.08,931,665.62,57745813.54,0
2025-10-15 18:58:13.243063,89103.58,89347.67,88806.52,89325.89,1074.61,2025-10-15 19:58:13.243063,95990868.92,485,537.31,47995434.46,0
2025-10-15 19:58:13.243063,91133.77,92399.16,91132.87,91800.38,2433.08,2025-10-15 20:58:13.243063,223357433.88,248,1216.54,111678716.94,0
2025-10-15 20:58:13.243063,90439.19,90872.78,90422.15,90661.02,769.54,2025-10-15 21:58:13.243063,69767544.76,987,384.77,34883772.38,0
2025-10-15 21:58:13.243063,91324.49,91675.83,91282.39,91387.76,1705.78,2025-10-15 22:58:13.243063,155887321.09,869,852.89,77943660.55,0
2025-10-15 22:58:13.243063,92337.78,92537.03,92280.57,92299.87,643.14,2025-10-15 23:58:13.243063,59361503.26,193,321.57,29680751.63,0
2025-10-15 23:58:13.243063,92893.62,93190.7,92576.96,92790.3,927.01,2025-10-16 00:58:13.243063,86017722.56,946,463.51,43008861.28,0
2025-10-16 00:58:13.243063,91737.18,92609.78,91258.12,91778.32,1188.6,2025-10-16 01:58:13.243063,109088009.81,470,594.3,54544004.9,0
2025-10-16 01:58:13.243063,91060.56,91213.55,90145.71,90554.69,2171.61,2025-10-16 02:58:13.243063,196649578.02,402,1085.81,98324789.01,0
2025-10-16 02:58:13.243063,90550.41,91024.99,90431.42,90517.46,1124.8,2025-10-16 03:58:13.243063,101814367.21,285,562.4,50907183.6,0
2025-10-16 03:58:13.243063,92939.79,93461.69,92502.91,92649.56,1740.33,2025-10-16 04:58:13.243063,161240505.07,722,870.16,80620252.53,0
2025-10-16 04:58:13.243063,93518.62,94024.92,92852.06,93666.12,1286.46,2025-10-16 05:58:13.243063,120497327.26,160,643.23,60248663.63,0
2025-10-16 05:58:13.243063,92952.57,93413.28,92218.07,92981.2,1876.08,2025-10-16 06:58:13.243063,174440199.46,544,938.04,87220099.73,0
2025-10-16 06:58:13.243063,94450.51,94537.43,94412.69,94425.57,1787.29,2025-10-16 07:58:13.243063,168766261.31,811,893.65,84383130.66,0
2025-10-16 07:58:13.243063,88910.9,89318.89,88614.1,89055.51,1750.34,2025-10-16 08:58:13.243063,155877430.14,308,875.17,77938715.07,0
2025-10-16 08:58:13.243063,90948.08,91234.74,90931.29,91110.49,981.15,2025-10-16 09:58:13.243063,89393205.99,108,490.58,44696602.99,0
2025-10-16 09:58:13.243063,88478.86,88501.15,87671.23,87949.48,1064.86,2025-10-16 10:58:13.243063,93653885.91,411,532.43,46826942.96,0
2025-10-16 10:58:13.243063,87581.78,87633.21,87313.36,87320.74,587.17,2025-10-16 11:58:13.243063,51271826.32,946,293.58,25635913.16,0
2025-10-16 11:58:13.243063,85579.4,86135.67,84916.87,85374.07,1810.76,2025-10-16 12:58:13.243063,154591762.93,448,905.38,77295881.46,0
2025-10-16 12:58:13.243063,83165.83,83710.27,83134.73,83171.96,1491.72,2025-10-16 13:58:13.243063,124069132.3,594,745.86,62034566.15,0
2025-10-16 13:58:13.243063,85717.06,85866.88,85022.16,85111.24,1005.12,2025-10-16 14:58:13.243063,85546784.87,454,502.56,42773392.43,0
2025-10-16 14:58:13.243063,84077.15,84590.59,83986.2,84323.62,1371.53,2025-10-16 15:58:13.243063,115652036.81,821,685.76,57826018.4,0
2025-10-16 15:58:13.243063,85171.65,85291.36,84499.81,84916.42,1668.69,2025-10-16 16:58:13.243063,141699373.29,541,834.35,70849686.64,0
2025-10-16 16:58:13.243063,84653.81,85063.87,84094.41,84845.23,838.69,2025-10-16 17:58:13.243063,71159239.89,342,419.35,35579619.94,0
2025-10-16 17:58:13.243063,86345.46,86351.19,85625.39,85663.21,762.58,2025-10-16 18:58:13.243063,65325222.76,816,381.29,32662611.38,0
2025-10-16 18:58:13.243063,86051.29,86142.12,85381.05,85803.39,1137.68,2025-10-16 19:58:13.243063,97617186.43,583,568.84,48808593.21,0
2025-10-16 19:58:13.243063,83618.87,83651.49,83608.3,83610.27,1909.61,2025-10-16 20:58:13.243063,159662819.62,209,954.8,79831409.81,0
2025-10-16 20:58:13.243063,85224.02,85381.61,84934.1,85284.59,1882.13,2025-10-16 21:58:13.243063,160516420.25,260,941.06,80258210.12,0
2025-10-16 21:58:13.243063,83881.28,84518.13,83656.75,84450.92,1954.02,2025-10-16 22:58:13.243063,165018707.96,877,977.01,82509353.98,0
2025-10-16 22:58:13.243063,82325.16,82462.43,81692.11,81830.27,2167.1,2025-10-16 23:58:13.243063,177334430.85,637,1083.55,88667215.42,0
2025-10-16 23:58:13.243063,80984.12,81411.4,80924.81,81137.8,1371.65,2025-10-17 00:58:13.243063,111292897.31,626,685.83,55646448.65,0
2025-10-17 00:58:13.243063,83437.57,83881.62,83183.97,83581.28,1901.65,2025-10-17 01:58:13.243063,158941956.91,911,950.82,79470978.46,0
2025-10-17 01:58:13.243063,84751.96,85150.24,84686.65,85010.89,1683.28,2025-10-17 02:58:13.243063,143096917.18,755,841.64,71548458.59,0
2025-10-17 02:58:13.243063,85162.49,85213.39,84191.16,84426.61,635.78,2025-10-17 03:58:13.243063,53676860.1,642,317.89,26838430.05,0
2025-10-17 03:58:13.243063,83518.34,83893.22,83095.93,83845.32,1607.58,2025-10-17 04:58:13.243063,134787785.34,848,803.79,67393892.67,0
2025-10-17 04:58:13.243063,83420.52,83439.58,83282.2,83314.35,1033.98,2025-10-17 05:58:13.243063,86145288.9,216,516.99,43072644.45,0
2025-10-17 05:58:13.243063,86292.58,87189.68,86263.91,86783.14,1292.2,2025-10-17 06:58:13.243063,112140940.38,129,646.1,56070470.19,0
2025-10-17 06:58:13.243063,87802.37,87822.33,86671.92,87454.73,1568.21,2025-10-17 07:58:13.243063,137147708.39,245,784.11,68573854.2,0
2025-10-17 07:58:13.243063,87953.13,89014.76,87760.25,88215.66,2046.39,2025-10-17 08:58:13.243063,180523728.56,781,1023.2,90261864.28,0
2025-10-17 08:58:13.243063,89663.58,90701.07,89403.66,90042.22,985.57,2025-10-17 09:58:13.243063,88743263.79,719,492.79,44371631.89,0
2025-10-17 09:58:13.243063,90550.19,90680.06,90084.33,90481.25,1757.64,2025-10-17 10:58:13.243063,159033770.92,507,878.82,79516885.46,0
2025-10-17 10:58:13.243063,90227.85,90734.67,89266.59,90021.53,885.45,2025-10-17 11:58:13.243063,79709734.81,346,442.73,39854867.41,0
2025-10-17 11:58:13.243063,89678.0,89959.35,89572.27,89677.01,845.44,2025-10-17 12:58:13.243063,75816648.61,509,422.72,37908324.31,0
2025-10-17 12:58:13.243063,90117.38,90371.14,89463.99,89557.56,1551.32,2025-10-17 13:58:13.243063,138932152.2,186,775.66,69466076.1,0
2025-10-17 13:58:13.243063,89476.45,90325.55,88991.07,89499.85,1645.34,2025-10-17 14:58:13.243063,147257975.71,331,822.67,73628987.85,0
2025-10-17 14:58:13.243063,91334.11,91441.04,90775.19,90811.25,1344.02,2025-10-17 15:58:13.243063,122052338.04,673,672.01,61026169.02,0
2025-10-17 15:58:13.243063,90929.81,91115.82,90299.12,90914.68,1223.6,2025-10-17 16:58:13.243063,111243076.88,655,611.8,55621538.44,0
2025-10-17 16:58:13.243063,92051.34,92676.91,91431.07,92255.93,2022.76,2025-10-17 17:58:13.243063,186611837.36,821,1011.38,93305918.68,0
2025-10-17 17:58:13.243063,92143.9,92494.36,91904.27,92116.22,1765.67,2025-10-17 18:58:13.243063,162646405.11,304,882.83,81323202.55,0
2025-10-17 18:58:13.243063,91960.47,92754.2,91526.51,92270.3,1487.79,2025-10-17 19:58:13.243063,137278959.69,321,743.9,68639479.84,0
2025-10-17 19:58:13.243063,87967.51,88688.85,87888.28,88592.04,1268.67,2025-10-17 20:58:13.243063,112393833.33,869,634.33,56196916.66,0
2025-10-17 20:58:13.243063,90512.96,90537.08,89346.56,90224.48,1068.7,2025-10-17 21:58:13.243063,96422710.31,136,534.35,48211355.16,0
2025-10-17 21:58:13.243063,90554.81,91499.35,90448.98,90858.74,1671.04,2025-10-17 22:58:13.243063,151828491.59,128,835.52,75914245.79,0
2025-10-17 22:58:13.243063,92671.92,93487.9,92552.88,92681.39,916.67,2025-10-17 23:58:13.243063,84958225.91,964,458.33,42479112.95,0
2025-10-17 23:58:13.243063,87141.24,87927.36,86622.3,87322.07,1585.3,2025-10-18 00:58:13.243063,138432071.13,311,792.65,69216035.57,0
2025-10-18 00:58:13.243063,91069.43,91415.32,90475.99,90978.03,1256.49,2025-10-18 01:58:13.243063,114312880.51,953,628.24,57156440.26,0
2025-10-18 01:58:13.243063,89872.27,90887.16,89856.97,90733.14,1254.57,2025-10-18 02:58:13.243063,113831421.87,400,627.29,56915710.94,0
2025-10-18 02:58:13.243063,92635.9,93169.76,92223.88,92753.19,1372.13,2025-10-18 03:58:13.243063,127269309.32,759,686.06,63634654.66,0
2025-10-18 03:58:13.243063,90421.4,91456.38,90076.48,90833.37,1707.02,2025-10-18 04:58:13.243063,155054814.71,626,853.51,77527407.35,0
2025-10-18 04:58:13.243063,91755.64,92295.66,91508.7,91955.66,800.83,2025-10-18 05:58:13.243063,73641065.61,292,400.42,36820532.81,0
2025-10-18 05:58:13.243063,89881.63,90122.5,89412.56,90027.51,2329.74,2025-10-18 06:58:13.243063,209740707.67,756,1164.87,104870353.84,0
2025-10-18 06:58:13.243063,88845.34,88959.66,88127.17,88913.38,1309.15,2025-10-18 07:58:13.243063,116401063.98,627,654.58,58200531.99,0
2025-10-18 07:58:13.243063,93095.26,93227.11,91834.48,92325.93,864.27,2025-10-18 08:58:13.243063,79794300.65,271,432.13,39897150.33,0
2025-10-18 08:58:13.243063,92215.14,92388.49,91445.19,91983.07,2056.01,2025-10-18 09:58:13.243063,189118316.19,449,1028.01,94559158.09,0
2025-10-18 09:58:13.243063,92125.9,92436.08,91652.05,92392.27,833.31,2025-10-18 10:58:13.243063,76991060.8,545,416.65,38495530.4,0
2025-10-18 10:58:13.243063,93995.51,94707.1,93285.0,94009.26,1125.45,2025-10-18 11:58:13.243063,105803056.99,976,562.73,52901528.5,0
2025-10-18 11:58:13.243063,94848.38,95580.5,94563.01,94950.63,1756.54,2025-10-18 12:58:13.243063,166784364.04,317,878.27,83392182.02,0
2025-10-18 12:58:13.243063,94934.9,95409.32,94741.13,95245.78,1488.22,2025-10-18 13:58:13.243063,141746928.57,206,744.11,70873464.29,0
2025-10-18 13:58:13.243063,95678.91,96578.94,95678.7,95950.52,741.49,2025-10-18 14:58:13.243063,71146217.25,940,370.74,35573108.62,0
2025-10-18 14:58:13.243063,101199.21,101444.61,100337.35,100572.29,2093.41,2025-10-18 15:58:13.243063,210538739.84,973,1046.7,105269369.92,0
2025-10-18 15:58:13.243063,99849.16,100841.8,99781.82,100466.45,1105.89,2025-10-18 16:58:13.243063,111104638.53,967,552.94,55552319.27,0
2025-10-18 16:58:13.243063,100690.48,101424.3,100590.16,100880.58,1619.4,2025-10-18 17:58:13.243063,163366142.53,680,809.7,81683071.26,0
2025-10-18 17:58:13.243063,102061.21,103395.67,102030.91,103010.48,1157.34,2025-10-18 18:58:13.243063,119218087.04,928,578.67,59609043.52,0
2025-10-18 18:58:13.243063,105355.21,105636.33,105032.77,105298.39,2121.21,2025-10-18 19:58:13.243063,223360126.85,192,1060.61,111680063.42,0
2025-10-18 19:58:13.243063,107291.24,108825.43,106951.61,107808.77,1941.84,2025-10-18 20:58:13.243063,209346895.45,446,970.92,104673447.72,0
2025-10-18 20:58:13.243063,109587.88,109636.06,108341.44,109196.76,778.82,2025-10-18 21:58:13.243063,85044241.81,478,389.41,42522120.91,0
2025-10-18 21:58:13.243063,106642.11,107224.66,106309.87,106711.44,710.05,2025-10-18 22:58:13.243063,75770251.52,716,355.02,37885125.76,0
2025-10-18 22:58:13.243063,110561.03,110688.97,109993.54,110208.22,2262.17,2025-10-18 23:58:13.243063,249309354.15,537,1131.08,124654677.08,0
2025-10-18 23:58:13.243063,107295.96,108013.92,107005.33,107692.51,1048.96,2025-10-19 00:58:13.243063,112964748.6,757,524.48,56482374.3,0
2025-10-19 00:58:13.243063,108253.42,108398.81,108252.42,108355.11,774.29,2025-10-19 01:58:13.243063,83898663.84,162,387.15,41949331.92,0
2025-10-19 01:58:13.243063,106627.76,107794.19,106423.1,106731.35,990.59,2025-10-19 02:58:13.243063,105727414.75,942,495.3,52863707.37,0
2025-10-19 02:58:13.243063,107040.19,107159.63,106216.2,106605.12,1105.41,2025-10-19 03:58:13.243063,117842036.94,401,552.7,58921018.47,0
2025-10-19 03:58:13.243063,107110.13,107539.18,106911.29,107316.73,1617.15,2025-10-19 04:58:13.243063,173547226.14,360,808.57,86773613.07,0
2025-10-19 04:58:13.243063,108078.91,108640.68,107946.03,108017.2,1183.63,2025-10-19 05:58:13.243063,127852566.57,943,591.82,63926283.29,0
2025-10-19 05:58:13.243063,108505.43,109350.48,108216.06,108939.5,749.51,2025-10-19 06:58:13.243063,81651507.34,152,374.76,40825753.67,0
2025-10-19 06:58:13.243063,112379.64,112809.82,112289.02,112466.33,2172.44,2025-10-19 07:58:13.243063,244326916.31,114,1086.22,122163458.15,0
2025-10-19 07:58:13.243063,113605.9,114130.83,113067.04,113497.72,1467.52,2025-10-19 08:58:13.243063,166560392.92,382,733.76,83280196.46,0
2025-10-19 08:58:13.243063,113138.64,113288.19,112126.44,112954.85,826.61,2025-10-19 09:58:13.243063,93369073.12,187,413.3,46684536.56,0
2025-10-19 09:58:13.243063,115533.27,116177.87,114741.23,115144.11,1240.75,2025-10-19 10:58:13.243063,142865289.49,213,620.38,71432644.74,0
2025-10-19 10:58:13.243063,117542.44,118589.63,117275.72,117894.84,1459.17,2025-10-19 11:58:13.243063,172029066.25,817,729.59,86014533.13,0
2025-10-19 11:58:13.243063,115333.81,115691.11,114900.59,115012.05,1934.12,2025-10-19 12:58:13.243063,222447138.77,813,967.06,111223569.39,0
2025-10-19 12:58:13.243063,116866.26,117130.0,116220.03,116397.72,1698.66,2025-10-19 13:58:13.243063,197720382.29,121,849.33,98860191.14,0
2025-10-19 13:58:13.243063,118237.09,118527.69,117648.64,118041.66,940.61,2025-10-19 14:58:13.243063,111031133.92,631,470.3,55515566.96,0
2025-10-19 14:58:13.243063,118264.91,118422.62,116414.73,117350.96,2082.9,2025-10-19 15:58:13.243063,244430067.02,109,1041.45,122215033.51,0
2025-10-19 15:58:13.243063,121167.46,121342.48,120093.66,120591.51,1120.1,2025-10-19 16:58:13.243063,135074236.9,982,560.05,67537118.45,0
2025-10-19 16:58:13.243063,119432.34,120979.59,119287.5,120241.66,797.68,2025-10-19 17:58:13.243063,95913869.0,782,398.84,47956934.5,0
2025-10-19 17:58:13.243063,119584.99,120582.18,119570.88,120555.67,1524.48,2025-10-19 18:58:13.243063,183784372.83,428,762.24,91892186.41,0
2025-10-19 18:58:13.243063,119852.18,120885.15,119314.15,120150.43,684.19,2025-10-19 19:58:13.243063,82206264.14,162,342.1,41103132.07,0
2025-10-19 19:58:13.243063,120563.95,120907.79,119574.06,120199.88,1269.81,2025-10-19 20:58:13.243063,152630791.09,480,634.9,76315395.55,0
2025-10-19 20:58:13.243063,117712.86,118044.52,117545.37,117576.46,2392.69,2025-10-19 21:58:13.243063,281323988.4,886,1196.34,140661994.2,0
2025-10-19 21:58:13.243063,114418.11,114578.05,113530.62,114201.9,1495.39,2025-10-19 22:58:13.243063,170776596.66,116,747.7,85388298.33,0
2025-10-19 22:58:13.243063,117921.98,117943.04,117253.7,117855.23,2032.4,2025-10-19 23:58:13.243063,239529257.03,163,1016.2,119764628.51,0
2025-10-19 23:58:13.243063,115913.55,116090.05,114976.9,115870.64,1666.76,2025-10-20 00:58:13.243063,193128601.74,679,833.38,96564300.87,0
2025-10-20 00:58:13.243063,113410.88,113616.95,112643.67,113584.76,1063.85,2025-10-20 01:58:13.243063,120836582.12,737,531.92,60418291.06,0
2025-10-20 01:58:13.243063,108716.23,108937.83,108660.43,108704.27,1097.91,2025-10-20 02:58:13.243063,119347689.46,403,548.96,59673844.73,0
2025-10-20 02:58:13.243063,107254.51,107775.09,106780.19,107325.98,1020.89,2025-10-20 03:58:13.243063,109567733.28,126,510.44,54783866.64,0
2025-10-20 03:58:13.243063,104395.51,105128.99,104083.14,104496.68,2275.03,2025-10-20 04:58:13.243063,237733328.63,772,1137.52,118866664.32,0
2025-10-20 04:58:13.243063,107595.73,108864.69,107404.55,107938.83,2053.04,2025-10-20 05:58:13.243063,221602721.55,285,1026.52,110801360.77,0
2025-10-20 05:58:13.243063,110518.13,110615.52,110058.01,110129.59,828.73,2025-10-20 06:58:13.243063,91268214.86,912,414.37,45634107.43,0
2025-10-20 06:58:13.243063,109194.68,109563.66,108120.24,108624.89,1624.43,2025-10-20 07:58:13.243063,176454065.29,822,812.22,88227032.65,0
2025-10-20 07:58:13.243063,113276.32,114019.39,112637.05,113529.17,2774.44,2025-10-20 08:58:13.243063,314980229.46,537,1387.22,157490114.73,0
2025-10-20 08:58:13.243063,116047.55,116305.27,114860.83,115769.7,1594.56,2025-10-20 09:58:13.243063,184601205.97,261,797.28,92300602.98,0
2025-10-20 09:58:13.243063,115159.25,115567.22,113915.6,115029.17,1826.56,2025-10-20 10:58:13.243063,210107398.47,129,913.28,105053699.23,0
2025-10-20 10:58:13.243063,109594.88,109801.9,108583.88,109290.58,860.22,2025-10-20 11:58:13.243063,94014333.33,867,430.11,47007166.66,0
2025-10-20 11:58:13.243063,114353.96,114935.95,114083.53,114309.07,1346.68,2025-10-20 12:58:13.243063,153937379.5,577,673.34,76968689.75,0
2025-10-20 12:58:13.243063,111157.37,111201.14,110967.49,111143.69,892.44,2025-10-20 13:58:13.243063,99189429.31,310,446.22,49594714.66,0
2025-10-20 13:58:13.243063,107738.04,107984.65,106941.4,107497.29,1555.18,2025-10-20 14:58:13.243063,167177592.67,810,777.59,83588796.33,0
2025-10-20 14:58:13.243063,109707.88,110384.88,109582.43,109706.51,1393.03,2025-10-20 15:58:13.243063,152824738.31,457,696.52,76412369.15,0
2025-10-20 15:58:13.243063,114993.82,115926.22,114402.36,115070.62,1125.86,2025-10-20 16:58:13.243063,129552904.8,304,562.93,64776452.4,0
2025-10-20 16:58:13.243063,118375.46,118948.54,117767.11,118267.91,966.08,2025-10-20 17:58:13.243063,114256104.89,696,483.04,57128052.44,0
2025-10-20 17:58:13.243063,119957.92,120633.33,119305.05,119613.58,2186.68,2025-10-20 18:58:13.243063,261556364.77,399,1093.34,130778182.38,0
2025-10-20 18:58:13.243063,121441.85,121768.65,120939.18,121048.36,710.55,2025-10-20 19:58:13.243063,86010934.62,963,355.28,43005467.31,0
2025-10-20 19:58:13.243063,123459.84,124007.72,122156.12,123126.55,1622.3,2025-10-20 20:58:13.243063,199748806.7,504,811.15,99874403.35,0
2025-10-20 20:58:13.243063,124944.02,126080.78,123811.63,125007.75,2187.18,2025-10-20 21:58:13.243063,273414864.14,624,1093.59,136707432.07,0
2025-10-20 21:58:13.243063,125413.13,126400.15,125151.88,125723.27,534.52,2025-10-20 22:58:13.243063,67201351.6,317,267.26,33600675.8,0
2025-10-20 22:58:13.243063,126021.86,126640.1,125519.11,125997.86,2014.02,2025-10-20 23:58:13.243063,253762049.19,415,1007.01,126881024.59,0
2025-10-20 23:58:13.243063,125720.04,126421.81,125684.69,125852.72,1682.27,2025-10-21 00:58:13.243063,211718394.04,613,841.14,105859197.02,0
2025-10-21 00:58:13.243063,124427.24,124910.57,123781.76,123967.54,1012.35,2025-10-21 01:58:13.243063,125498653.95,305,506.18,62749326.98,0
2025-10-21 01:58:13.243063,123177.44,123298.25,123123.35,123284.04,712.55,2025-10-21 02:58:13.243063,87846268.94,987,356.28,43923134.47,0
2025-10-21 02:58:13.243063,119070.93,119489.73,118966.84,119122.08,1847.96,2025-10-21 03:58:13.243063,220132342.17,157,923.98,110066171.08,0
2025-10-21 03:58:13.243063,118291.59,119925.14,117756.48,118899.7,1197.08,2025-10-21 04:58:13.243063,142332503.32,119,598.54,71166251.66,0
2025-10-21 04:58:13.243063,116410.24,117307.55,116078.26,116560.73,969.65,2025-10-21 05:58:13.243063,113022846.29,688,484.82,56511423.14,0
2025-10-21 05:58:13.243063,114262.98,114474.17,113794.87,113999.68,1643.7,2025-10-21 06:58:13.243063,187381514.43,872,821.85,93690757.22,0
2025-10-21 06:58:13.243063,114218.27,114555.66,113522.27,114421.24,697.39,2025-10-21 07:58:13.243063,79795688.16,725,348.69,39897844.08,0
2025-10-21 07:58:13.243063,116737.64,118137.51,116506.7,117618.17,1873.36,2025-10-21 08:58:13.243063,220341446.57,443,936.68,110170723.29,0
2025-10-21 08:58:13.243063,120878.03,120936.32,119394.87,119790.15,2194.27,2025-10-21 09:58:13.243063,262851635.06,343,1097.13,131425817.53,0
2025-10-21 09:58:13.243063,115411.72,116971.95,114884.23,116039.52,1516.85,2025-10-21 10:58:13.243063,176014347.89,568,758.42,88007173.95,0
2025-10-21 10:58:13.243063,113814.72,114089.9,113737.04,113754.4,1104.65,2025-10-21 11:58:13.243063,125658693.55,499,552.32,62829346.78,0
2025-10-21 11:58:13.243063,115747.24,116104.44,114893.96,115906.12,746.55,2025-10-21 12:58:13.243063,86529930.13,685,373.28,43264965.06,0
2025-10-21 12:58:13.243063,112559.06,114383.0,112553.53,113640.18,1042.35,2025-10-21 13:58:13.243063,118453146.88,935,521.18,59226573.44,0
2025-10-21 13:58:13.243063,113757.62,114195.62,112325.72,113141.0,665.22,2025-10-21 14:58:13.243063,75263152.91,562,332.61,37631576.46,0
2025-10-21 14:58:13.243063,114572.33,114661.91,114189.67,114396.98,780.55,2025-10-21 15:58:13.243063,89292378.45,521,390.27,44646189.22,0
2025-10-21 15:58:13.243063,113218.16,113245.93,111984.42,112192.91,2375.12,2025-10-21 16:58:13.243063,266471504.14,600,1187.56,133235752.07,0
2025-10-21 16:58:13.243063,112317.23,112631.88,112085.14,112440.58,985.27,2025-10-21 17:58:13.243063,110783924.23,352,492.63,55391962.11,0
2025-10-21 17:58:13.243063,110187.43,110515.97,109283.99,109451.85,633.68,2025-10-21 18:58:13.243063,69357618.29,636,316.84,34678809.15,0
2025-10-21 18:58:13.243063,108076.53,109136.94,107834.99,108146.38,1653.75,2025-10-21 19:58:13.243063,178846927.22,741,826.87,89423463.61,0
2025-10-21 19:58:13.243063,108777.82,109597.77,108501.28,108848.86,2059.5,2025-10-21 20:58:13.243063,224173777.44,930,1029.75,112086888.72,0
2025-10-21 20:58:13.243063,105121.41,105873.8,104500.01,105391.83,1497.56,2025-10-21 21:58:13.243063,157830697.82,241,748.78,78915348.91,0
2025-10-21 21:58:13.243063,105782.44,106784.22,105759.38,106330.82,1270.07,2025-10-21 22:58:13.243063,135047509.75,803,635.03,67523754.88,0
2025-10-21 22:58:13.243063,106896.13,107022.58,105624.52,106299.69,528.59,2025-10-21 23:58:13.243063,56189056.78,601,264.3,28094528.39,0
2025-10-21 23:58:13.243063,107365.62,108331.19,106903.06,107484.91,782.91,2025-10-22 00:58:13.243063,84151261.81,898,391.46,42075630.9,0
2025-10-22 00:58:13.243063,107882.12,108485.32,107028.84,107977.01,1580.48,2025-10-22 01:58:13.243063,170655413.58,823,790.24,85327706.79,0
2025-10-22 01:58:13.243063,111094.53,111664.95,110492.14,110933.72,2171.33,2025-10-22 02:58:13.243063,240873375.3,436,1085.66,120436687.65,0
2025-10-22 02:58:13.243063,111608.36,111654.32,111116.22,111222.65,653.13,2025-10-22 03:58:13.243063,72643232.15,683,326.57,36321616.07,0
2025-10-22 03:58:13.243063,110444.88,110734.24,109831.26,110278.57,651.62,2025-10-22 04:58:13.243063,71860126.25,634,325.81,35930063.13,0
2025-10-22 04:58:13.243063,109945.38,111412.89,109643.67,110559.34,1893.13,2025-10-22 05:58:13.243063,209303210.4,690,946.57,104651605.2,0
2025-10-22 05:58:13.243063,112057.59,112757.39,111229.32,111771.73,2084.56,2025-10-22 06:58:13.243063,232994793.01,909,1042.28,116497396.51,0
2025-10-22 06:58:13.243063,111902.96,112393.59,111585.08,111892.13,1093.3,2025-10-22 07:58:13.243063,122331440.95,358,546.65,61165720.48,0
2025-10-22 07:58:13.243063,111118.2,112294.95,111029.82,111994.16,1530.24,2025-10-22 08:58:13.243063,171378381.92,255,765.12,85689190.96,0
2025-10-22 08:58:13.243063,110486.07,110813.42,110365.01,110432.98,1883.01,2025-10-22 09:58:13.243063,207945923.47,896,941.5,103972961.73,0
2025-10-22 09:58:13.243063,108825.86,109221.32,108474.72,108979.9,2048.57,2025-10-22 10:58:13.243063,223253039.45,786,1024.29,111626519.72,0
2025-10-22 10:58:13.243063,106285.77,106477.2,105223.13,105933.68,658.07,2025-10-22 11:58:13.243063,69711613.7,462,329.03,34855806.85,0
2025-10-22 11:58:13.243063,109819.97,110645.86,108839.29,109651.05,1748.72,2025-10-22 12:58:13.243063,191748449.88,412,874.36,95874224.94,0
2025-10-22 12:58:13.243063,106759.44,107490.82,106233.37,106934.2,1960.54,2025-10-22 13:58:13.243063,209648508.09,875,980.27,104824254.04,0
2025-10-22 13:58:13.243063,105247.64,105626.12,104986.77,105462.99,1741.86,2025-10-22 14:58:13.243063,183701858.71,324,870.93,91850929.35,0
2025-10-22 14:58:13.243063,103705.74,104623.82,103046.01,103958.23,2132.84,2025-10-22 15:58:13.243063,221726458.93,993,1066.42,110863229.46,0
2025-10-22 15:58:13.243063,105923.79,105941.6,105582.68,105829.32,2286.21,2025-10-22 16:58:13.243063,241948121.74,187,1143.11,120974060.87,0
2025-10-22 16:58:13.243063,105230.66,105231.4,105046.11,105215.62,814.65,2025-10-22 17:58:13.243063,85714073.95,552,407.33,42857036.97,0
2025-10-22 17:58:13.243063,108396.2,108766.81,107829.77,107851.78,1144.92,2025-10-22 18:58:13.243063,123482174.36,876,572.46,61741087.18,0
2025-10-22 18:58:13.243063,106375.11,106711.45,105679.04,106409.82,943.51,2025-10-22 19:58:13.243063,100398652.31,131,471.75,50199326.15,0
2025-10-22 19:58:13.243063,107309.39,107452.17,106704.74,107014.21,1797.14,2025-10-22 20:58:13.243063,192319023.3,511,898.57,96159511.65,0
2025-10-22 20:58:13.243063,105655.08,105875.31,104601.13,105237.03,1326.41,2025-10-22 21:58:13.243063,139587263.33,347,663.2,69793631.66,0
2025-10-22 21:58:13.243063,109569.0,110053.45,109174.0,109762.54,1659.09,2025-10-22 22:58:13.243063,182106335.59,182,829.55,91053167.79,0
2025-10-22 22:58:13.243063,107134.17,107936.54,106937.39,107166.44,1383.84,2025-10-22 23:58:13.243063,148300727.82,305,691.92,74150363.91,0
2025-10-22 23:58:13.243063,107903.1,108470.84,107440.61,107841.21,1387.97,2025-10-23 00:58:13.243063,149680321.07,283,693.98,74840160.54,0
2025-10-23 00:58:13.243063,108748.19,109389.04,108257.35,109218.93,1260.99,2025-10-23 01:58:13.243063,137723860.19,132,630.49,68861930.09,0
2025-10-23 01:58:13.243063,110170.99,110682.19,109523.42,110133.75,1691.26,2025-10-23 02:58:13.243063,186264571.91,259,845.63,93132285.96,0
2025-10-23 02:58:13.243063,109951.79,110013.42,108846.97,109736.64,729.28,2025-10-23 03:58:13.243063,80028731.83,547,364.64,40014365.91,0
2025-10-23 03:58:13.243063,109494.65,109697.13,109396.93,109462.69,733.39,2025-10-23 04:58:13.243063,80279285.1,738,366.7,40139642.55,0
2025-10-23 04:58:13.243063,109418.81,110154.35,109411.95,109569.55,1728.95,2025-10-23 05:58:13.243063,189440370.77,258,864.48,94720185.38,0
2025-10-23 05:58:13.243063,109493.57,109920.71,108890.25,109258.37,1001.13,2025-10-23 06:58:13.243063,109381573.88,178,500.56,54690786.94,0
2025-10-23 06:58:13.243063,111362.01,111623.84,111166.08,111375.53,1775.65,2025-10-23 07:58:13.243063,197764270.98,337,887.83,98882135.49,0
2025-10-23 07:58:13.243063,116081.18,116324.67,115707.05,116310.63,2805.84,2025-10-23 08:58:13.243063,326348617.59,630,1402.92,163174308.8,0
2025-10-23 08:58:13.243063,115480.76,115567.38,114365.86,115025.42,1935.12,2025-10-23 09:58:13.243063,222587757.81,390,967.56,111293878.9,0
2025-10-23 09:58:13.243063,111873.95,112151.13,111591.83,111885.68,2057.2,2025-10-23 10:58:13.243063,230171072.33,552,1028.6,115085536.17,0
2025-10-23 10:58:13.243063,111603.53,111775.04,110891.08,111699.31,949.81,2025-10-23 11:58:13.243063,106092902.01,697,474.9,53046451.0,0
2025-10-23 11:58:13.243063,117735.43,117974.65,116429.04,117473.52,1954.05,2025-10-23 12:58:13.243063,229548617.84,722,977.02,114774308.92,0
2025-10-23 12:58:13.243063,115523.4,116618.18,115024.02,115597.06,1890.95,2025-10-23 13:58:13.243063,218587892.59,298,945.47,109293946.29,0
2025-10-23 13:58:13.243063,119449.36,119862.06,118364.5,119398.16,1469.3,2025-10-23 14:58:13.243063,175431944.77,293,734.65,87715972.39,0
2025-10-23 14:58:13.243063,123204.86,123855.71,123065.76,123416.39,2158.51,2025-10-23 15:58:13.243063,266395691.99,326,1079.26,133197845.99,0
2025-10-23 15:58:13.243063,122598.28,122616.66,121591.3,122062.29,1205.86,2025-10-23 16:58:13.243063,147190250.37,171,602.93,73595125.19,0
2025-10-23 16:58:13.243063,123237.78,123574.43,122734.16,123463.52,1257.64,2025-10-23 17:58:13.243063,155273280.25,488,628.82,77636640.12,0
2025-10-23 17:58:13.243063,127205.36,127565.59,126838.24,127496.82,960.95,2025-10-23 18:58:13.243063,122517516.63,193,480.47,61258758.32,0
2025-10-23 18:58:13.243063,126588.27,126699.19,126414.98,126542.82,854.19,2025-10-23 19:58:13.243063,108091565.99,326,427.09,54045783.0,0
2025-10-23 19:58:13.243063,126051.69,126259.01,124832.98,126040.24,879.33,2025-10-23 20:58:13.243063,110831195.26,394,439.67,55415597.63,0
2025-10-23 20:58:13.243063,123990.88,124848.04,123973.73,124586.54,1680.87,2025-10-23 21:58:13.243063,209413736.53,570,840.43,104706868.27,0
2025-10-23 21:58:13.243063,122913.28,123167.47,121869.83,122070.5,2028.82,2025-10-23 22:58:13.243063,247659510.01,214,1014.41,123829755.01,0
2025-10-23 22:58:13.243063,120467.08,120977.81,120292.52,120497.55,1010.18,2025-10-23 23:58:13.243063,121723990.43,600,505.09,60861995.22,0
2025-10-23 23:58:13.243063,116647.73,118043.62,116445.81,117559.97,2438.49,2025-10-24 00:58:13.243063,286669276.55,307,1219.25,143334638.28,0
2025-10-24 00:58:13.243063,117440.22,118561.16,117253.06,117651.86,1800.8,2025-10-24 01:58:13.243063,211867578.88,377,900.4,105933789.44,0
2025-10-24 01:58:13.243063,115865.29,116615.15,115195.62,115851.85,1434.01,2025-10-24 02:58:13.243063,166133073.93,759,717.01,83066536.97,0
2025-10-24 02:58:13.243063,116415.62,116507.3,115627.33,116405.13,614.7,2025-10-24 03:58:13.243063,71554299.87,226,307.35,35777149.93,0
2025-10-24 03:58:13.243063,112826.49,113602.8,112301.25,112794.48,924.27,2025-10-24 04:58:13.243063,104252083.02,556,462.13,52126041.51,0
2025-10-24 04:58:13.243063,113533.98,113695.89,113010.98,113552.19,947.01,2025-10-24 05:58:13.243063,107534870.76,532,473.5,53767435.38,0
2025-10-24 05:58:13.243063,116294.4,116601.87,114663.74,115456.53,1310.48,2025-10-24 06:58:13.243063,151303796.12,791,655.24,75651898.06,0
2025-10-24 06:58:13.243063,110764.8,110909.19,110728.01,110864.28,1541.61,2025-10-24 07:58:13.243063,170909953.41,861,770.81,85454976.71,0
2025-10-24 07:58:13.243063,111766.55,112091.55,110973.51,111704.75,1483.84,2025-10-24 08:58:13.243063,165751766.13,421,741.92,82875883.07,0
2025-10-24 08:58:13.243063,114155.16,115119.14,114066.9,114458.65,2479.61,2025-10-24 09:58:13.243063,283813104.38,214,1239.81,141906552.19,0
2025-10-24 09:58:13.243063,111040.29,111781.84,110719.69,111701.02,1830.92,2025-10-24 10:58:13.243063,204515845.2,396,915.46,102257922.6,0
2025-10-24 10:58:13.243063,115404.99,115900.68,115146.15,115448.75,1490.5,2025-10-24 11:58:13.243063,172076566.11,748,745.25,86038283.05,0
2025-10-24 11:58:13.243063,115400.18,117023.37,115329.23,116427.8,1361.0,2025-10-24 12:58:13.243063,158457952.56,625,680.5,79228976.28,0
2025-10-24 12:58:13.243063,115379.54,115854.15,114741.35,114797.79,2029.71,2025-10-24 13:58:13.243063,233006373.1,317,1014.86,116503186.55,0
2025-10-24 13:58:13.243063,115411.45,115686.16,114659.38,114681.22,1918.96,2025-10-24 14:58:13.243063,220068531.16,691,959.48,110034265.58,0
2025-10-24 14:58:13.243063,116437.61,116482.44,115921.23,115973.28,1341.26,2025-10-24 15:58:13.243063,155549881.23,126,670.63,77774940.62,0
2025-10-24 15:58:13.243063,115770.7,116962.48,115601.46,116161.17,834.72,2025-10-24 16:58:13.243063,96961518.99,158,417.36,48480759.49,0
2025-10-24 16:58:13.243063,117404.48,118098.8,116694.02,117424.44,1913.32,2025-10-24 17:58:13.243063,224670531.6,874,956.66,112335265.8,0
2025-10-24 17:58:13.243063,115762.88,115983.64,115259.28,115273.99,1333.39,2025-10-24 18:58:13.243063,153705349.55,609,666.7,76852674.77,0
2025-10-24 18:58:13.243063,116330.97,116426.8,115270.83,115675.97,725.41,2025-10-24 19:58:13.243063,83912088.76,704,362.7,41956044.38,0
2025-10-24 19:58:13.243063,111494.92,112421.79,111377.42,112416.89,823.3,2025-10-24 20:58:13.243063,92552510.75,399,411.65,46276255.38,0
2025-10-24 20:58:13.243063,112323.52,112597.11,111937.66,112178.05,1189.11,2025-10-24 21:58:13.243063,133391872.41,130,594.55,66695936.2,0
2025-10-24 21:58:13.243063,110127.14,110513.43,109268.52,110161.3,1872.67,2025-10-24 22:58:13.243063,206296270.43,728,936.34,103148135.21,0
2025-10-24 22:58:13.243063,108565.04,108889.34,108443.59,108551.78,2003.02,2025-10-24 23:58:13.243063,217431832.06,982,1001.51,108715916.03,0
2025-10-24 23:58:13.243063,111313.89,111795.62,111235.44,111246.23,1227.15,2025-10-25 00:58:13.243063,136515791.99,620,613.57,68257896.0,0
2025-10-25 00:58:13.243063,113035.69,113770.81,112612.98,113685.44,2278.65,2025-10-25 01:58:13.243063,259049323.98,802,1139.32,129524661.99,0
2025-10-25 01:58:13.243063,115366.13,115951.18,114383.59,115081.81,1635.97,2025-10-25 02:58:13.243063,188269852.26,665,817.98,94134926.13,0
2025-10-25 02:58:13.243063,112738.42,113202.6,111468.72,112579.21,2027.59,2025-10-25 03:58:13.243063,228264036.43,885,1013.79,114132018.21,0
2025-10-25 03:58:13.243063,111946.07,112119.31,111784.29,111878.05,1350.29,2025-10-25 04:58:13.243063,151067659.4,846,675.14,75533829.7,0
2025-10-25 04:58:13.243063,114562.29,115112.21,113949.4,114603.62,693.07,2025-10-25 05:58:13.243063,79428830.88,653,346.54,39714415.44,0
2025-10-25 05:58:13.243063,115432.12,115891.66,114758.87,114939.91,1431.22,2025-10-25 06:58:13.243063,164503754.07,247,715.61,82251877.03,0
2025-10-25 06:58:13.243063,119626.83,120431.58,119104.23,120283.07,1232.15,2025-10-25 07:58:13.243063,148206359.06,254,616.07,74103179.53,0
2025-10-25 07:58:13.243063,121498.81,122050.7,120502.39,121241.29,682.36,2025-10-25 08:58:13.243063,82729858.1,904,341.18,41364929.05,0
2025-10-25 08:58:13.243063,121733.1,122192.91,121337.67,121719.1,1127.86,2025-10-25 09:58:13.243063,137282425.69,877,563.93,68641212.84,0
2025-10-25 09:58:13.243063,121900.06,122102.97,120611.65,120978.76,1774.0,2025-10-25 10:58:13.243063,214616149.36,937,887.0,107308074.68,0
2025-10-25 10:58:13.243063,120888.05,121612.1,120614.04,121313.97,1784.25,2025-10-25 11:58:13.243063,216454099.03,104,892.12,108227049.51,0
2025-10-25 11:58:13.243063,120898.73,121639.35,120545.88,120956.17,1510.64,2025-10-25 12:58:13.243063,182720953.99,866,755.32,91360476.99,0
2025-10-25 12:58:13.243063,122109.28,123428.64,121634.58,122681.27,1461.7,2025-10-25 13:58:13.243063,179323457.7,505,730.85,89661728.85,0
2025-10-25 13:58:13.243063,124814.9,125055.49,124344.68,125040.92,1654.82,2025-10-25 14:58:13.243063,206919656.51,762,827.41,103459828.25,0
2025-10-25 14:58:13.243063,123097.11,123791.06,123005.65,123087.81,1612.56,2025-10-25 15:58:13.243063,198486840.62,347,806.28,99243420.31,0
2025-10-25 15:58:13.243063,119646.43,119918.38,119308.19,119822.95,1256.54,2025-10-25 16:58:13.243063,150562377.34,748,628.27,75281188.67,0
2025-10-25 16:58:13.243063,115901.34,116177.67,115050.35,115434.54,2012.53,2025-10-25 17:58:13.243063,232315620.97,673,1006.27,116157810.49,0
2025-10-25 17:58:13.243063,117064.37,117264.28,116605.6,116618.88,1173.23,2025-10-25 18:58:13.243063,136821195.7,948,586.62,68410597.85,0
2025-10-25 18:58:13.243063,113791.08,114990.04,113386.77,114057.07,982.54,2025-10-25 19:58:13.243063,112065598.65,406,491.27,56032799.33,0
2025-10-25 19:58:13.243063,109268.54,109677.64,108834.25,109157.43,1069.4,2025-10-25 20:58:13.243063,116733390.34,979,534.7,58366695.17,0
2025-10-25 20:58:13.243063,110036.54,110135.41,108991.38,110016.67,1389.43,2025-10-25 21:58:13.243063,152860439.52,752,694.71,76430219.76,0
2025-10-25 21:58:13.243063,115204.74,116016.8,114785.33,115513.1,1427.23,2025-10-25 22:58:13.243063,164863421.0,620,713.61,82431710.5,0
2025-10-25 22:58:13.243063,115198.04,116086.02,114841.2,115510.63,1050.66,2025-10-25 23:58:13.243063,121362598.04,175,525.33,60681299.02,0
2025-10-25 23:58:13.243063,117188.23,117520.68,117161.56,117459.27,766.27,2025-10-26 00:58:13.243063,90005639.21,831,383.14,45002819.6,0
2025-10-26 00:58:13.243063,117111.71,117708.99,116887.92,117663.25,1838.7,2025-10-26 01:58:13.243063,216347911.16,536,919.35,108173955.58,0
2025-10-26 01:58:13.243063,117203.65,117801.18,116834.38,117442.3,1371.74,2025-10-26 02:58:13.243063,161099738.28,203,685.87,80549869.14,0
2025-10-26 02:58:13.243063,119696.33,120805.35,119103.8,119612.82,1854.61,2025-10-26 03:58:13.243063,221834993.07,427,927.3,110917496.54,0
2025-10-26 03:58:13.243063,119491.95,119921.38,118390.1,118930.37,698.9,2025-10-26 04:58:13.243063,83120835.41,861,349.45,41560417.7,0
2025-10-26 04:58:13.243063,119489.71,120458.04,119325.11,119578.28,1027.52,2025-10-26 05:58:13.243063,122869606.12,978,513.76,61434803.06,0
2025-10-26 05:58:13.243063,119836.37,120668.72,119810.61,120359.6,1167.44,2025-10-26 06:58:13.243063,140512983.3,614,583.72,70256491.65,0
2025-10-26 06:58:13.243063,119579.6,119895.38,118149.72,118763.41,1495.84,2025-10-26 07:58:13.243063,177650952.55,136,747.92,88825476.28,0
2025-10-26 07:58:13.243063,121459.94,121513.23,120434.48,121131.66,2145.38,2025-10-26 08:58:13.243063,259873021.47,305,1072.69,129936510.74,0
2025-10-26 08:58:13.243063,120946.21,120985.62,120477.05,120719.91,1839.47,2025-10-26 09:58:13.243063,222060755.1,797,919.74,111030377.55,0
2025-10-26 09:58:13.243063,118802.88,119374.3,118307.56,118907.31,1012.24,2025-10-26 10:58:13.243063,120363079.87,554,506.12,60181539.93,0
2025-10-26 10:58:13.243063,120209.63,120231.75,120036.67,120195.1,1803.78,2025-10-26 11:58:13.243063,216805904.9,480,901.89,108402952.45,0
2025-10-26 11:58:13.243063,118386.3,118657.77,117610.52,118047.29,1975.82,2025-10-26 12:58:13.243063,233240362.55,786,987.91,116620181.27,0
2025-10-26 12:58:13.243063,118254.19,118979.22,117884.06,118125.63,1212.76,2025-10-26 13:58:13.243063,143258424.21,397,606.38,71629212.11,0
2025-10-26 13:58:13.243063,117903.92,119007.6,117726.88,118115.9,1099.47,2025-10-26 14:58:13.243063,129864374.73,981,549.73,64932187.36,0
2025-10-26 14:58:13.243063,120392.04,120965.56,119954.11,120692.94,738.87,2025-10-26 15:58:13.243063,89176455.67,539,369.44,44588227.83,0
2025-10-26 15:58:13.243063,122517.05,122706.46,121225.5,121850.86,1022.96,2025-10-26 16:58:13.243063,124648086.81,177,511.48,62324043.4,0
2025-10-26 16:58:13.243063,122264.47,122942.81,121341.41,121802.06,1694.77,2025-10-26 17:58:13.243063,206425962.68,391,847.38,103212981.34,0
2025-10-26 17:58:13.243063,123945.81,124693.01,123638.69,123806.35,835.06,2025-10-26 18:58:13.243063,103385915.77,830,417.53,51692957.89,0
2025-10-26 18:58:13.243063,127476.57,127544.41,126348.09,127261.06,1652.08,2025-10-26 19:58:13.243063,210246039.38,586,826.04,105123019.69,0
2025-10-26 19:58:13.243063,128755.84,129286.86,128274.14,128693.54,1562.27,2025-10-26 20:58:13.243063,201054338.81,987,781.14,100527169.41,0
2025-10-26 20:58:13.243063,129683.37,129940.27,127623.18,128733.05,1205.46,2025-10-26 21:58:13.243063,155183042.46,691,602.73,77591521.23,0
2025-10-26 21:58:13.243063,126428.78,126490.52,124875.76,125368.39,1417.37,2025-10-26 22:58:13.243063,177693650.72,640,708.69,88846825.36,0
2025-10-26 22:58:13.243063,122042.22,123581.3,121543.82,122710.3,1962.5,2025-10-26 23:58:13.243063,240819319.61,568,981.25,120409659.81,0
2025-10-26 23:58:13.243063,121730.22,122301.05,121026.23,121973.49,1581.02,2025-10-27 00:58:13.243063,192841958.55,390,790.51,96420979.28,0
2025-10-27 00:58:13.243063,120290.93,121078.73,119754.89,120498.8,893.99,2025-10-27 01:58:13.243063,107724190.27,965,446.99,53862095.13,0
2025-10-27 01:58:13.243063,119793.71,120674.32,119179.1,120060.25,1070.28,2025-10-27 02:58:13.243063,128498313.43,466,535.14,64249156.72,0
2025-10-27 02:58:13.243063,120176.97,120700.17,119554.13,120208.28,1261.09,2025-10-27 03:58:13.243063,151593532.15,221,630.55,75796766.08,0
2025-10-27 03:58:13.243063,121390.26,122096.47,121288.32,121493.77,2102.04,2025-10-27 04:58:13.243063,255384956.69,644,1051.02,127692478.35,0
2025-10-27 04:58:13.243063,122017.6,122134.81,120847.1,121334.62,1475.98,2025-10-27 05:58:13.243063,179087558.27,792,737.99,89543779.13,0
2025-10-27 05:58:13.243063,122686.67,122978.93,121351.07,122527.34,1955.99,2025-10-27 06:58:13.243063,239662010.03,254,977.99,119831005.01,0
2025-10-27 06:58:13.243063,122532.15,123030.06,122347.14,122697.59,1807.89,2025-10-27 07:58:13.243063,221823552.89,128,903.94,110911776.44,0
2025-10-27 07:58:13.243063,117621.78,117951.86,117539.32,117862.16,1181.9,2025-10-27 08:58:13.243063,139301003.29,818,590.95,69650501.65,0
2025-10-27 08:58:13.243063,115935.52,116311.02,115653.03,115659.71,1319.59,2025-10-27 09:58:13.243063,152623546.59,202,659.8,76311773.3,0
2025-10-27 09:58:13.243063,115674.14,116117.82,114528.19,115337.97,1637.01,2025-10-27 10:58:13.243063,188809589.94,100,818.51,94404794.97,0
2025-10-27 10:58:13.243063,113441.66,113632.75,111642.56,112559.03,649.59,2025-10-27 11:58:13.243063,73116999.11,940,324.79,36558499.56,0
2025-10-27 11:58:13.243063,113142.1,114843.35,112967.07,113920.83,1802.73,2025-10-27 12:58:13.243063,205368770.19,963,901.37,102684385.1,0
2025-10-27 12:58:13.243063,118136.92,118216.66,116749.96,117419.91,1522.05,2025-10-27 13:58:13.243063,178719341.89,639,761.03,89359670.95,0
2025-10-27 13:58:13.243063,119300.61,120866.8,119171.64,120293.79,1558.03,2025-10-27 14:58:13.243063,187421471.05,718,779.02,93710735.53,0
2025-10-27 14:58:13.243063,120590.93,120740.95,119093.9,119792.31,1992.74,2025-10-27 15:58:13.243063,238714546.84,157,996.37,119357273.42,0
2025-10-27 15:58:13.243063,123519.96,123872.26,123346.89,123375.84,1695.78,2025-10-27 16:58:13.243063,209217940.91,919,847.89,104608970.46,0
2025-10-27 16:58:13.243063,123709.37,124802.67,123597.23,123755.01,1426.43,2025-10-27 17:58:13.243063,176528249.33,578,713.22,88264124.66,0
2025-10-27 17:58:13.243063,123156.44,123260.53,121827.34,122933.07,1177.24,2025-10-27 18:58:13.243063,144721261.43,901,588.62,72360630.72,0
2025-10-27 18:58:13.243063,121190.21,121903.47,120542.44,121437.21,767.09,2025-10-27 19:58:13.243063,93153145.94,935,383.54,46576572.97,0
2025-10-27 19:58:13.243063,120354.92,121262.89,119828.1,120714.73,559.75,2025-10-27 20:58:13.243063,67570462.22,190,279.88,33785231.11,0
2025-10-27 20:58:13.243063,119438.76,120384.05,118963.13,119789.63,1661.5,2025-10-27 21:58:13.243063,199030339.39,728,830.75,99515169.7,0
2025-10-27 21:58:13.243063,120933.68,121056.09,119617.83,120209.89,1277.08,2025-10-27 22:58:13.243063,153517685.5,505,638.54,76758842.75,0
2025-10-27 22:58:13.243063,120262.8,120848.43,120236.91,120607.96,1498.33,2025-10-27 23:58:13.243063,180710463.03,323,749.16,90355231.51,0
2025-10-27 23:58:13.243063,120121.87,120994.27,119697.56,120627.37,864.68,2025-10-28 00:58:13.243063,104304445.5,252,432.34,52152222.75,0
2025-10-28 00:58:13.243063,122035.22,122636.52,121535.73,121693.57,1371.8,2025-10-28 01:58:13.243063,166939059.49,718,685.9,83469529.75,0
2025-10-28 01:58:13.243063,123673.95,125392.71,123593.43,124603.62,1170.56,2025-10-28 02:58:13.243063,145855662.42,352,585.28,72927831.21,0
2025-10-28 02:58:13.243063,126786.41,127167.85,126615.23,126982.44,1527.73,2025-10-28 03:58:13.243063,193995158.1,697,763.87,96997579.05,0
2025-10-28 03:58:13.243063,122793.35,123693.62,122337.46,123224.02,1212.29,2025-10-28 04:58:13.243063,149383536.04,587,606.15,74691768.02,0
2025-10-28 04:58:13.243063,116899.53,116969.98,116848.94,116942.25,2890.28,2025-10-28 05:58:13.243063,337996341.05,749,1445.14,168998170.53,0
2025-10-28 05:58:13.243063,118946.14,119244.17,118130.88,119139.17,1682.51,2025-10-28 06:58:13.243063,200453334.27,838,841.26,100226667.13,0
2025-10-28 06:58:13.243063,116008.65,116362.45,115637.41,115894.11,1683.69,2025-10-28 07:58:13.243063,195129441.2,584,841.84,97564720.6,0
2025-10-28 07:58:13.243063,115865.99,116036.73,114290.06,115384.72,1893.29,2025-10-28 08:58:13.243063,218456484.28,821,946.64,109228242.14,0
2025-10-28 08:58:13.243063,112896.31,113759.2,112585.0,112696.0,1532.13,2025-10-28 09:58:13.243063,172665375.15,861,766.07,86332687.58,0
2025-10-28 09:58:13.243063,108022.24,109194.59,107833.04,108645.75,1194.39,2025-10-28 10:58:13.243063,129765781.17,758,597.2,64882890.58,0
2025-10-28 10:58:13.243063,109597.39,110014.1,109447.26,109833.16,1136.79,2025-10-28 11:58:13.243063,124857761.43,737,568.4,62428880.72,0
2025-10-28 11:58:13.243063,110995.44,111921.95,110892.57,111511.76,1968.49,2025-10-28 12:58:13.243063,219509728.83,432,984.24,109754864.42,0
2025-10-28 12:58:13.243063,109755.05,110952.08,109437.5,110237.15,2035.84,2025-10-28 13:58:13.243063,224425624.51,654,1017.92,112212812.25,0
2025-10-28 13:58:13.243063,104946.91,104983.76,104344.99,104535.59,2477.0,2025-10-28 14:58:13.243063,258934460.25,287,1238.5,129467230.13,0
2025-10-28 14:58:13.243063,103392.15,103753.21,102566.77,103404.01,1827.14,2025-10-28 15:58:13.243063,188933995.19,497,913.57,94466997.59,0
2025-10-28 15:58:13.243063,104064.67,104971.38,103821.81,104224.63,1564.01,2025-10-28 16:58:13.243063,163008425.25,978,782.01,81504212.63,0
2025-10-28 16:58:13.243063,101212.02,101466.45,100685.99,101152.27,1699.09,2025-10-28 17:58:13.243063,171866844.3,859,849.55,85933422.15,0
2025-10-28 17:58:13.243063,102305.44,102306.76,101474.14,101533.33,1689.96,2025-10-28 18:58:13.243063,171586907.53,877,844.98,85793453.77,0
2025-10-28 18:58:13.243063,100815.14,102173.44,100643.16,101512.4,1023.71,2025-10-28 19:58:13.243063,103919588.81,888,511.86,51959794.41,0
2025-10-28 19:58:13.243063,102844.85,102905.75,102618.3,102698.65,1958.11,2025-10-28 20:58:13.243063,201095119.71,246,979.05,100547559.85,0
2025-10-28 20:58:13.243063,103072.67,103834.13,102247.48,102954.54,1788.86,2025-10-28 21:58:13.243063,184171584.35,477,894.43,92085792.18,0
2025-10-28 21:58:13.243063,100917.83,101157.06,100673.61,100961.2,1548.11,2025-10-28 22:58:13.243063,156299294.36,825,774.06,78149647.18,0
2025-10-28 22:58:13.243063,103894.48,104205.6,102786.38,103387.44,976.95,2025-10-28 23:58:13.243063,101003964.88,145,488.47,50501982.44,0
2025-10-28 23:58:13.243063,103233.45,103970.43,102992.1,103069.98,1590.36,2025-10-29 00:58:13.243063,163918060.13,468,795.18,81959030.07,0
2025-10-29 00:58:13.243063,102731.37,103926.81,102717.01,103024.0,955.23,2025-10-29 01:58:13.243063,98411173.26,620,477.61,49205586.63,0
2025-10-29 01:58:13.243063,101377.79,101491.44,100570.51,101111.32,2215.66,2025-10-29 02:58:13.243063,224028672.77,339,1107.83,112014336.38,0
2025-10-29 02:58:13.243063,100636.62,100688.2,99674.64,100225.02,2173.06,2025-10-29 03:58:13.243063,217794680.69,311,1086.53,108897340.35,0
2025-10-29 03:58:13.243063,98098.06,99177.25,98089.24,98461.45,604.3,2025-10-29 04:58:13.243063,59500370.56,514,302.15,29750185.28,0
2025-10-29 04:58:13.243063,98452.97,98609.93,98108.58,98130.73,972.61,2025-10-29 05:58:13.243063,95443191.6,603,486.31,47721595.8,0
2025-10-29 05:58:13.243063,101523.76,101805.4,101330.32,101499.96,1139.7,2025-10-29 06:58:13.243063,115679975.12,581,569.85,57839987.56,0
2025-10-29 06:58:13.243063,98333.12,98921.45,98223.23,98725.16,1918.3,2025-10-29 07:58:13.243063,189384368.3,778,959.15,94692184.15,0
2025-10-29 07:58:13.243063,95141.22,95654.53,95102.07,95549.05,1846.79,2025-10-29 08:58:13.243063,176459382.9,337,923.4,88229691.45,0
2025-10-29 08:58:13.243063,98811.24,98889.0,97860.95,98369.98,1714.4,2025-10-29 09:58:13.243063,168645884.01,624,857.2,84322942.0,0
2025-10-29 09:58:13.243063,98066.64,98361.48,97038.2,97967.99,966.03,2025-10-29 10:58:13.243063,94640492.81,859,483.02,47320246.41,0
2025-10-29 10:58:13.243063,96868.91,97084.82,95865.79,96666.84,887.34,2025-10-29 11:58:13.243063,85776313.02,731,443.67,42888156.51,0
2025-10-29 11:58:13.243063,98565.41,98973.82,98393.4,98686.99,1920.29,2025-10-29 12:58:13.243063,189507413.81,306,960.14,94753706.91,0
2025-10-29 12:58:13.243063,96923.69,97502.41,96804.16,97501.53,735.61,2025-10-29 13:58:13.243063,71723224.23,313,367.81,35861612.11,0
2025-10-29 13:58:13.243063,100629.6,101456.03,100591.05,101072.05,2672.1,2025-10-29 14:58:13.243063,270074609.77,744,1336.05,135037304.88,0
2025-10-29 14:58:13.243063,102421.01,102783.67,102126.04,102452.55,1635.96,2025-10-29 15:58:13.243063,167608626.4,231,817.98,83804313.2,0
2025-10-29 15:58:13.243063,100863.61,101654.73,100591.03,101463.04,1173.66,2025-10-29 16:58:13.243063,119083494.61,884,586.83,59541747.31,0
2025-10-29 16:58:13.243063,106216.44,106552.87,105489.22,105850.93,758.52,2025-10-29 17:58:13.243063,80290467.68,762,379.26,40145233.84,0
2025-10-29 17:58:13.243063,105026.84,105088.52,103728.78,104579.2,2115.59,2025-10-29 18:58:13.243063,221247216.59,918,1057.8,110623608.29,0
2025-10-29 18:58:13.243063,106190.12,106685.44,105759.55,106141.81,1764.18,2025-10-29 19:58:13.243063,187253157.18,895,882.09,93626578.59,0
2025-10-29 19:58:13.243063,106786.74,107008.81,105807.26,106787.78,2088.07,2025-10-29 20:58:13.243063,222980447.45,892,1044.04,111490223.72,0
2025-10-29 20:58:13.243063,109510.01,109885.41,109462.55,109578.66,1181.68,2025-10-29 21:58:13.243063,129486378.52,652,590.84,64743189.26,0
2025-10-29 21:58:13.243063,113196.39,113920.76,111995.52,113011.78,667.74,2025-10-29 22:58:13.243063,75463000.38,267,333.87,37731500.19,0
2025-10-29 22:58:13.243063,112947.07,113208.21,112684.52,113095.42,569.28,2025-10-29 23:58:13.243063,64382728.08,413,284.64,32191364.04,0
2025-10-29 23:58:13.243063,111109.06,111602.18,110681.71,111402.57,1429.03,2025-10-30 00:58:13.243063,159197569.05,484,714.51,79598784.53,0
2025-10-30 00:58:13.243063,112877.23,113513.48,112197.1,112438.55,1753.19,2025-10-30 01:58:13.243063,197126312.2,601,876.6,98563156.1,0
2025-10-30 01:58:13.243063,111178.73,111956.29,110506.5,110925.77,717.92,2025-10-30 02:58:13.243063,79635837.66,648,358.96,39817918.83,0
2025-10-30 02:58:13.243063,115500.44,115736.2,115218.59,115403.59,1822.63,2025-10-30 03:58:13.243063,210337650.22,168,911.31,105168825.11,0
2025-10-30 03:58:13.243063,115297.55,116538.31,115008.37,115730.26,1238.24,2025-10-30 04:58:13.243063,143301645.03,748,619.12,71650822.52,0
2025-10-30 04:58:13.243063,114784.41,115504.56,114441.86,114896.26,1517.6,2025-10-30 05:58:13.243063,174367067.51,945,758.8,87183533.76,0
2025-10-30 05:58:13.243063,115642.55,116106.87,115245.93,115332.13,1905.9,2025-10-30 06:58:13.243063,219811021.35,185,952.95,109905510.68,0
2025-10-30 06:58:13.243063,111341.38,113346.2,111171.13,112236.33,2410.16,2025-10-30 07:58:13.243063,270507523.07,426,1205.08,135253761.54,0
2025-10-30 07:58:13.243063,110218.94,110996.28,109606.04,110066.54,1731.95,2025-10-30 08:58:13.243063,190629364.27,797,865.97,95314682.14,0
2025-10-30 08:58:13.243063,112183.41,112758.14,112051.45,112720.06,1264.57,2025-10-30 09:58:13.243063,142542331.54,413,632.28,71271165.77,0
2025-10-30 09:58:13.243063,110974.63,111772.26,110878.7,111250.43,812.11,2025-10-30 10:58:13.243063,90347905.35,130,406.06,45173952.67,0
2025-10-30 10:58:13.243063,108071.99,109444.42,107892.46,108932.16,2319.36,2025-10-30 11:58:13.243063,252653433.29,760,1159.68,126326716.64,0
2025-10-30 11:58:13.243063,110569.45,110814.2,109401.7,110112.23,731.92,2025-10-30 12:58:13.243063,80593246.63,554,365.96,40296623.31,0
2025-10-30 12:58:13.243063,113278.28,113520.32,112072.91,112734.45,753.29,2025-10-30 13:58:13.243063,84922215.96,721,376.65,42461107.98,0
2025-10-30 13:58:13.243063,114288.49,114977.49,113933.11,114366.74,1638.48,2025-10-30 14:58:13.243063,187387672.43,901,819.24,93693836.21,0
2025-10-30 14:58:13.243063,116314.07,117235.3,115694.38,116656.48,784.45,2025-10-30 15:58:13.243063,91510820.44,155,392.22,45755410.22,0
2025-10-30 15:58:13.243063,114632.84,114961.42,114465.64,114902.44,1814.01,2025-10-30 16:58:13.243063,208433888.54,768,907.0,104216944.27,0
2025-10-30 16:58:13.243063,111482.94,111703.32,111399.66,111646.54,1695.86,2025-10-30 17:58:13.243063,189336655.1,230,847.93,94668327.55,0
2025-10-30 17:58:13.243063,114921.43,115164.12,113924.63,115010.08,1003.25,2025-10-30 18:58:13.243063,115384285.58,465,501.63,57692142.79,0
2025-10-30 18:58:13.243063,114043.96,114685.75,113375.4,114279.35,735.73,2025-10-30 19:58:13.243063,84078424.2,765,367.86,42039212.1,0
2025-10-30 19:58:13.243063,113700.23,114168.81,113418.49,113717.48,1307.93,2025-10-30 20:58:13.243063,148734233.99,408,653.96,74367117.0,0
2025-10-30 20:58:13.243063,116298.71,117032.05,116284.38,116749.63,2101.03,2025-10-30 21:58:13.243063,245294828.7,253,1050.52,122647414.35,0
2025-10-30 21:58:13.243063,117925.75,118111.93,117288.34,118060.1,1913.89,2025-10-30 22:58:13.243063,225954072.11,544,956.95,112977036.06,0
2025-10-30 22:58:13.243063,119055.79,119393.04,118269.95,119148.35,949.55,2025-10-30 23:58:13.243063,113136814.07,913,474.77,56568407.04,0
2025-10-30 23:58:13.243063,124260.28,124449.14,123097.72,124319.39,2196.67,2025-10-31 00:58:13.243063,273088759.35,944,1098.34,136544379.67,0
2025-10-31 00:58:13.243063,122993.36,123618.29,122498.03,122731.78,684.8,2025-10-31 01:58:13.243063,84047113.47,450,342.4,42023556.73,0
2025-10-31 01:58:13.243063,125004.24,125948.73,124538.43,125021.57,1652.93,2025-10-31 02:58:13.243063,206651788.22,884,826.46,103325894.11,0
2025-10-31 02:58:13.243063,124779.89,125236.19,124694.11,125176.63,1562.17,2025-10-31 03:58:13.243063,195547048.31,195,781.08,97773524.15,0
2025-10-31 03:58:13.243063,125739.47,126698.31,125501.38,125861.57,2008.74,2025-10-31 04:58:13.243063,252823394.36,116,1004.37,126411697.18,0
2025-10-31 04:58:13.243063,129981.81,130289.56,129693.61,129721.67,1635.42,2025-10-31 05:58:13.243063,212149413.58,389,817.71,106074706.79,0
2025-10-31 05:58:13.243063,131006.96,131225.39,130558.92,131052.19,1845.25,2025-10-31 06:58:13.243063,241823977.17,577,922.62,120911988.59,0
2025-10-31 06:58:13.243063,132511.3,133257.58,132210.42,132476.19,823.56,2025-10-31 07:58:13.243063,109102117.49,324,411.78,54551058.74,0
2025-10-31 07:58:13.243063,135194.9,135635.41,134628.1,135331.07,2330.63,2025-10-31 08:58:13.243063,315406411.64,276,1165.31,157703205.82,0
2025-10-31 08:58:13.243063,134356.95,135218.95,133258.77,134356.82,946.04,2025-10-31 09:58:13.243063,127106590.18,336,473.02,63553295.09,0
2025-10-31 09:58:13.243063,132050.73,132167.04,131711.64,132115.18,666.59,2025-10-31 10:58:13.243063,88066596.8,297,333.29,44033298.4,0
2025-10-31 10:58:13.243063,129232.2,130281.33,128355.19,129367.69,1868.85,2025-10-31 11:58:13.243063,241769020.83,449,934.43,120884510.41,0
2025-10-31 11:58:13.243063,124200.38,124491.73,123798.09,124292.97,2676.06,2025-10-31 12:58:13.243063,332615029.63,161,1338.03,166307514.81,0
2025-10-31 12:58:13.243063,129541.32,130073.49,128991.16,129416.84,756.91,2025-10-31 13:58:13.243063,97956819.31,381,378.45,48978409.65,0
2025-10-31 13:58:13.243063,126656.67,127612.05,125873.16,126574.3,1132.18,2025-10-31 14:58:13.243063,143304673.7,368,566.09,71652336.85,0
2025-10-31 14:58:13.243063,126459.32,126509.67,124973.82,126026.86,1208.07,2025-10-31 15:58:13.243063,152248850.97,454,604.03,76124425.49,0
2025-10-31 15:58:13.243063,125687.77,126402.83,124806.65,125341.75,892.43,2025-10-31 16:58:13.243063,111858198.55,769,446.21,55929099.28,0
2025-10-31 16:58:13.243063,126425.01,126795.87,125104.5,126124.9,873.9,2025-10-31 17:58:13.243063,110220358.51,744,436.95,55110179.26,0
2025-10-31 17:58:13.243063,128005.13,129220.84,127751.51,128195.21,586.67,2025-10-31 18:58:13.243063,75208286.95,505,293.34,37604143.48,0
2025-10-31 18:58:13.243063,129913.02,130873.82,129690.51,130414.2,2099.25,2025-10-31 19:58:13.243063,273772130.46,331,1049.63,136886065.23,0
2025-10-31 19:58:13.243063,128741.46,129198.29,128286.73,128906.41,917.74,2025-10-31 20:58:13.243063,118302096.1,344,458.87,59151048.05,0
2025-10-31 20:58:13.243063,128444.11,128706.49,127565.3,128488.44,1232.19,2025-10-31 21:58:13.243063,158322289.09,742,616.1,79161144.54,0
2025-10-31 21:58:13.243063,130140.27,130178.48,129048.76,129227.45,1831.14,2025-10-31 22:58:13.243063,236633501.7,284,915.57,118316750.85,0
2025-10-31 22:58:13.243063,128491.51,128837.02,128436.02,128597.62,1701.31,2025-10-31 23:58:13.243063,218784146.6,522,850.65,109392073.3,0
2025-10-31 23:58:13.243063,132981.19,133783.8,131753.88,132744.49,2022.78,2025-11-01 00:58:13.243063,268513240.96,116,1011.39,134256620.48,0
2025-11-01 00:58:13.243063,133218.08,134479.23,133206.18,134061.25,603.97,2025-11-01 01:58:13.243063,80968925.4,866,301.98,40484462.7,0
2025-11-01 01:58:13.243063,136572.58,136975.61,135684.01,136045.03,1938.57,2025-11-01 02:58:13.243063,263732695.25,376,969.28,131866347.63,0
2025-11-01 02:58:13.243063,137037.35,137911.95,136576.32,137862.27,747.85,2025-11-01 03:58:13.243063,103099736.74,542,373.92,51549868.37,0
2025-11-01 03:58:13.243063,141175.36,142196.01,140798.84,141111.61,1067.73,2025-11-01 04:58:13.243063,150669079.34,992,533.86,75334539.67,0
2025-11-01 04:58:13.243063,141834.39,141916.2,140821.46,141636.61,747.14,2025-11-01 05:58:13.243063,105823053.18,973,373.57,52911526.59,0
2025-11-01 05:58:13.243063,137299.04,139284.5,136756.69,137977.19,1825.99,2025-11-01 06:58:13.243063,251945466.18,784,913.0,125972733.09,0
2025-11-01 06:58:13.243063,140085.84,140465.45,138842.99,139093.95,1089.8,2025-11-01 07:58:13.243063,151585026.15,258,544.9,75792513.07,0
2025-11-01 07:58:13.243063,136981.53,137874.39,136205.96,137295.86,1475.15,2025-11-01 08:58:13.243063,202531971.66,995,737.57,101265985.83,0
2025-11-01 08:58:13.243063,135525.4,136400.28,135021.98,135858.05,1203.24,2025-11-01 09:58:13.243063,163469962.52,726,601.62,81734981.26,0
2025-11-01 09:58:13.243063,138282.89,138754.15,136719.33,137464.88,708.77,2025-11-01 10:58:13.243063,97431303.02,290,354.39,48715651.51,0
2025-11-01 10:58:13.243063,141040.85,141590.46,140854.85,140883.04,1593.41,2025-11-01 11:58:13.243063,224484884.16,113,796.71,112242442.08,0
2025-11-01 11:58:13.243063,140861.51,141329.96,140232.5,140957.06,1898.55,2025-11-01 12:58:13.243063,267614172.92,680,949.28,133807086.46,0
2025-11-01 12:58:13.243063,142019.65,142430.07,140522.18,141841.8,850.23,2025-11-01 13:58:13.243063,120597802.73,217,425.11,60298901.37,0
2025-11-01 13:58:13.243063,147294.97,147676.21,145863.63,146684.89,2157.32,2025-11-01 14:58:13.243063,316446073.27,662,1078.66,158223036.64,0
2025-11-01 14:58:13.243063,146872.73,148859.84,146619.32,147405.86,1828.05,2025-11-01 15:58:13.243063,269465415.42,326,914.03,134732707.71,0
2025-11-01 15:58:13.243063,155480.6,156296.19,153606.28,155090.67,2120.81,2025-11-01 16:58:13.243063,328918156.9,514,1060.41,164459078.45,0
2025-11-01 16:58:13.243063,157022.69,157431.89,156306.56,156860.28,1812.54,2025-11-01 17:58:13.243063,284316034.99,710,906.27,142158017.5,0
2025-11-01 17:58:13.243063,151434.04,151652.39,150604.43,151352.09,1639.7,2025-11-01 18:58:13.243063,248171939.86,582,819.85,124085969.93,0
2025-11-01 18:58:13.243063,153532.51,154832.46,152631.6,153647.62,2122.66,2025-11-01 19:58:13.243063,326141947.19,246,1061.33,163070973.6,0
2025-11-01 19:58:13.243063,154676.04,156375.67,154650.24,154834.27,1976.75,2025-11-01 20:58:13.243063,306068745.45,320,988.38,153034372.73,0
2025-11-01 20:58:13.243063,159657.69,160002.79,157555.46,158843.71,2502.03,2025-11-01 21:58:13.243063,397431324.16,364,1251.01,198715662.08,0
2025-11-01 21:58:13.243063,161353.18,162141.69,160812.42,160998.21,2012.3,2025-11-01 22:58:13.243063,323976573.76,430,1006.15,161988286.88,0
2025-11-01 22:58:13.243063,160895.18,161517.6,159759.58,160568.48,2011.64,2025-11-01 23:58:13.243063,323005786.69,150,1005.82,161502893.35,0
2025-11-01 23:58:13.243063,156384.54,157551.99,155300.91,156652.87,768.45,2025-11-02 00:58:13.243063,120379115.76,604,384.22,60189557.88,0
2025-11-02 00:58:13.243063,156417.03,156531.73,155771.92,156013.65,1334.73,2025-11-02 01:58:13.243063,208235651.39,939,667.36,104117825.69,0
2025-11-02 01:58:13.243063,152324.1,154611.63,152312.55,153375.4,1334.81,2025-11-02 02:58:13.243063,204726594.48,277,667.4,102363297.24,0
2025-11-02 02:58:13.243063,151816.01,152990.83,151345.29,151609.97,1422.04,2025-11-02 03:58:13.243063,215595901.31,337,711.02,107797950.65,0
2025-11-02 03:58:13.243063,152601.11,153731.77,152490.74,153409.82,656.97,2025-11-02 04:58:13.243063,100785284.66,435,328.48,50392642.33,0
2025-11-02 04:58:13.243063,158524.28,159691.36,157669.12,158548.76,1800.39,2025-11-02 05:58:13.243063,285449874.8,428,900.2,142724937.4,0
2025-11-02 05:58:13.243063,160794.92,161312.22,159728.36,159816.11,1983.76,2025-11-02 06:58:13.243063,317036357.5,823,991.88,158518178.75,0
2025-11-02 06:58:13.243063,156084.91,156296.78,155547.99,156009.66,775.6,2025-11-02 07:58:13.243063,121001257.61,830,387.8,60500628.8,0
2025-11-02 07:58:13.243063,156492.58,158544.16,156264.02,157412.51,1718.41,2025-11-02 08:58:13.243063,270499730.4,711,859.21,135249865.2,0
2025-11-02 08:58:13.243063,161161.0,162534.95,161128.49,161195.54,1314.14,2025-11-02 09:58:13.243063,211833337.95,233,657.07,105916668.97,0
2025-11-02 09:58:13.243063,158704.93,160134.98,157784.94,159245.78,1981.21,2025-11-02 10:58:13.243063,315498900.04,100,990.6,157749450.02,0
2025-11-02 10:58:13.243063,158890.23,159102.53,158786.55,158834.87,1910.34,2025-11-02 11:58:13.243063,303428241.81,187,955.17,151714120.9,0
2025-11-02 11:58:13.243063,159757.55,159860.98,158180.0,158897.41,686.47,2025-11-02 12:58:13.243063,109078495.25,290,343.24,54539247.62,0
2025-11-02 12:58:13.243063,155941.6,156465.14,155740.18,156418.94,2086.38,2025-11-02 13:58:13.243063,326349367.79,644,1043.19,163174683.9,0
2025-11-02 13:58:13.243063,157786.56,159435.75,157619.76,158462.64,1320.07,2025-11-02 14:58:13.243063,209182205.78,999,660.04,104591102.89,0
2025-11-02 14:58:13.243063,158932.51,159415.63,156682.66,158095.18,669.74,2025-11-02 15:58:13.243063,105882916.16,304,334.87,52941458.08,0
2025-11-02 15:58:13.243063,159006.69,159442.48,158953.6,159437.51,1311.86,2025-11-02 16:58:13.243063,209159383.09,709,655.93,104579691.55,0
2025-11-02 16:58:13.243063,157836.95,157993.14,155450.01,156623.46,683.37,2025-11-02 17:58:13.243063,107031162.17,110,341.68,53515581.09,0
2025-11-02 17:58:13.243063,155193.72,156295.65,154819.52,155268.8,1082.5,2025-11-02 18:58:13.243063,168079236.55,342,541.25,84039618.27,0
2025-11-02 18:58:13.243063,157602.37,158333.24,156834.23,157527.59,1728.6,2025-11-02 19:58:13.243063,272302876.7,448,864.3,136151438.35,0
2025-11-02 19:58:13.243063,156336.98,156761.68,156108.83,156368.71,1731.35,2025-11-02 20:58:13.243063,270729177.48,781,865.68,135364588.74,0
2025-11-02 20:58:13.243063,162263.77,162864.17,161406.59,161785.21,1825.76,2025-11-02 21:58:13.243063,295380163.69,535,912.88,147690081.84,0
2025-11-02 21:58:13.243063,160664.43,161391.05,159718.92,160508.28,1697.43,2025-11-02 22:58:13.243063,272451885.11,198,848.72,136225942.56,0
2025-11-02 22:58:13.243063,161121.64,162454.35,161026.5,161245.61,2054.35,2025-11-02 23:58:13.243063,331254143.76,961,1027.17,165627071.88,0
2025-11-02 23:58:13.243063,163695.23,164368.54,163541.13,164269.26,1458.29,2025-11-03 00:58:13.243063,239552695.32,847,729.15,119776347.66,0
2025-11-03 00:58:13.243063,159508.71,161143.23,158613.38,159625.81,1802.14,2025-11-03 01:58:13.243063,287668185.93,380,901.07,143834092.97,0
2025-11-03 01:58:13.243063,154210.39,155421.67,152679.77,154020.36,1333.86,2025-11-03 02:58:13.243063,205442320.63,364,666.93,102721160.32,0
2025-11-03 02:58:13.243063,148688.99,149386.02,148117.8,149336.12,1288.09,2025-11-03 03:58:13.243063,192358310.94,523,644.04,96179155.47,0
2025-11-03 03:58:13.243063,154170.1,154375.71,152931.23,153122.04,2314.32,2025-11-03 04:58:13.243063,354373715.64,952,1157.16,177186857.82,0
2025-11-03 04:58:13.243063,151466.27,152049.31,151118.47,151447.32,1108.67,2025-11-03 05:58:13.243063,167905201.96,258,554.34,83952600.98,0
2025-11-03 05:58:13.243063,159946.19,160177.95,158452.28,159211.11,829.18,2025-11-03 06:58:13.243063,132013919.28,679,414.59,66006959.64,0
2025-11-03 06:58:13.243063,158358.4,158631.46,156234.68,157430.35,1771.79,2025-11-03 07:58:13.243063,278933273.03,935,885.89,139466636.52,0
2025-11-03 07:58:13.243063,157250.56,158552.86,157231.96,158027.17,529.79,2025-11-03 08:58:13.243063,83720764.02,316,264.89,41860382.01,0
2025-11-03 08:58:13.243063,162597.08,163081.11,162492.95,162916.88,710.73,2025-11-03 09:58:13.243063,115789604.43,918,355.36,57894802.22,0
2025-11-03 09:58:13.243063,168414.17,169483.63,168222.26,169469.7,2619.83,2025-11-03 10:58:13.243063,443981329.89,903,1309.91,221990664.94,0
2025-11-03 10:58:13.243063,175300.07,177627.85,175287.57,176473.89,2794.53,2025-11-03 11:58:13.243063,493161560.54,890,1397.26,246580780.27,0
2025-11-03 11:58:13.243063,180533.52,182374.4,179564.81,180756.44,2287.11,2025-11-03 12:58:13.243063,413409231.35,362,1143.55,206704615.67,0
2025-11-03 12:58:13.243063,185419.33,185514.7,184292.65,184476.63,857.52,2025-11-03 13:58:13.243063,158192479.58,302,428.76,79096239.79,0
2025-11-03 13:58:13.243063,186783.59,187723.16,185254.81,186681.23,949.57,2025-11-03 14:58:13.243063,177266043.2,100,474.78,88633021.6,0
2025-11-03 14:58:13.243063,190413.63,191041.61,187737.99,189606.0,1376.8,2025-11-03 15:58:13.243063,261049246.87,913,688.4,130524623.44,0
2025-11-03 15:58:13.243063,187386.8,188303.41,186550.37,187534.8,1299.4,2025-11-03 16:58:13.243063,243682742.7,797,649.7,121841371.35,0
2025-11-03 16:58:13.243063,184302.17,185456.55,183900.45,184484.74,647.15,2025-11-03 17:58:13.243063,119389241.93,624,323.57,59694620.96,0
2025-11-03 17:58:13.243063,184673.52,184915.0,184217.44,184490.74,1522.31,2025-11-03 18:58:13.243063,280851844.95,776,761.15,140425922.47,0
2025-11-03 18:58:13.243063,184643.62,184807.22,182237.24,183881.24,1767.58,2025-11-03 19:58:13.243063,325025616.25,672,883.79,162512808.12,0
2025-11-03 19:58:13.243063,181084.35,182786.3,180441.57,182232.82,876.06,2025-11-03 20:58:13.243063,159646730.67,497,438.03,79823365.34,0
2025-11-03 20:58:13.243063,184106.77,184894.17,182980.99,184789.14,1522.76,2025-11-03 21:58:13.243063,281389259.06,690,761.38,140694629.53,0
2025-11-03 21:58:13.243063,188887.98,189274.3,188277.83,188338.22,1876.61,2025-11-03 22:58:13.243063,353438323.9,475,938.31,176719161.95,0
2025-11-03 22:58:13.243063,188672.7,190119.0,188261.73,188690.06,755.99,2025-11-03 23:58:13.243063,142647686.99,434,377.99,71323843.5,0
2025-11-03 23:58:13.243063,193922.08,195930.45,192676.33,194284.83,1793.95,2025-11-04 00:58:13.243063,348536692.83,748,896.97,174268346.41,0
2025-11-04 00:58:13.243063,190304.29,190325.98,189548.76,189868.01,1750.6,2025-11-04 01:58:13.243063,332382186.16,983,875.3,166191093.08,0
2025-11-04 01:58:13.243063,188260.03,189790.47,187821.8,189151.6,925.45,2025-11-04 02:58:13.243063,175050263.86,560,462.72,87525131.93,0
2025-11-04 02:58:13.243063,186385.03,187054.71,186146.21,186458.75,632.44,2025-11-04 03:58:13.243063,117923743.88,733,316.22,58961871.94,0
2025-11-04 03:58:13.243063,179528.3,180400.19,179347.57,179516.75,897.22,2025-11-04 04:58:13.243063,161065485.61,651,448.61,80532742.81,0
2025-11-04 04:58:13.243063,177917.09,179406.72,177885.9,179237.86,887.64,2025-11-04 05:58:13.243063,159099273.15,901,443.82,79549636.58,0
2025-11-04 05:58:13.243063,179851.05,180104.22,178688.86,178819.34,1268.5,2025-11-04 06:58:13.243063,226831554.11,862,634.25,113415777.06,0
2025-11-04 06:58:13.243063,185341.41,185356.77,182993.63,184249.91,1106.19,2025-11-04 07:58:13.243063,203814529.5,661,553.09,101907264.75,0
2025-11-04 07:58:13.243063,186532.75,187451.8,186519.26,186592.87,765.17,2025-11-04 08:58:13.243063,142774542.58,684,382.58,71387271.29,0
2025-11-04 08:58:13.243063,181843.05,183826.13,181777.8,182789.41,1449.37,2025-11-04 09:58:13.243063,264928650.79,932,724.68,132464325.39,0
2025-11-04 09:58:13.243063,189912.81,190339.64,188401.1,189585.86,2299.01,2025-11-04 10:58:13.243063,435860562.6,567,1149.51,217930281.3,0
2025-11-04 10:58:13.243063,195630.97,195901.07,193474.44,194234.63,1071.3,2025-11-04 11:58:13.243063,208083971.3,352,535.65,104041985.65,0
2025-11-04 11:58:13.243063,195647.47,196619.72,194951.89,196515.33,942.74,2025-11-04 12:58:13.243063,185262633.13,308,471.37,92631316.56,0
2025-11-04 12:58:13.243063,195892.58,197408.37,194013.31,195644.83,1487.25,2025-11-04 13:58:13.243063,290973207.34,526,743.63,145486603.67,0
2025-11-04 13:58:13.243063,190468.42,192661.85,190153.31,191910.21,1342.93,2025-11-04 14:58:13.243063,257721726.85,410,671.46,128860863.43,0
2025-11-04 14:58:13.243063,190573.78,191449.77,189629.0,190500.79,762.01,2025-11-04 15:58:13.243063,145164060.89,561,381.01,72582030.45,0
2025-11-04 15:58:13.243063,194363.02,195139.9,194309.16,194667.99,2003.6,2025-11-04 16:58:13.243063,390036544.14,484,1001.8,195018272.07,0
2025-11-04 16:58:13.243063,202413.45,203290.81,200554.91,202024.83,1661.43,2025-11-04 17:58:13.243063,335649148.84,449,830.71,167824574.42,0
2025-11-04 17:58:13.243063,207994.46,209063.55,206947.41,208280.5,2322.92,2025-11-04 18:58:13.243063,483819316.09,887,1161.46,241909658.05,0
2025-11-04 18:58:13.243063,206382.9,206616.78,205983.97,206264.97,1043.95,2025-11-04 19:58:13.243063,215329894.76,116,521.97,107664947.38,0
2025-11-04 19:58:13.243063,203299.85,203458.94,201209.26,201666.84,1927.51,2025-11-04 20:58:13.243063,388715444.43,786,963.76,194357722.21,0
2025-11-04 20:58:13.243063,202240.89,202662.72,201781.58,202255.25,780.27,2025-11-04 21:58:13.243063,157813807.91,374,390.14,78906903.95,0
2025-11-04 21:58:13.243063,195003.09,195749.2,194810.48,195121.96,2276.34,2025-11-04 22:58:13.243063,444164049.35,250,1138.17,222082024.67,0
2025-11-04 22:58:13.243063,196427.47,196458.5,195166.54,196402.61,1062.25,2025-11-04 23:58:13.243063,208627807.41,206,531.12,104313903.71,0
2025-11-04 23:58:13.243063,196335.01,196959.52,194067.43,195842.46,1474.67,2025-11-05 00:58:13.243063,288802171.54,383,737.33,144401085.77,0
2025-11-05 00:58:13.243063,194693.68,195088.09,193859.6,194036.65,1734.04,2025-11-05 01:58:13.243063,336466611.56,968,867.02,168233305.78,0
2025-11-05 01:58:13.243063,188118.59,188356.64,187832.76,187867.44,2056.23,2025-11-05 02:58:13.243063,386299065.5,811,1028.12,193149532.75,0
2025-11-05 02:58:13.243063,189762.33,190183.74,189319.15,189816.0,1099.2,2025-11-05 03:58:13.243063,208645005.67,874,549.6,104322502.84,0
2025-11-05 03:58:13.243063,187699.51,188702.46,186310.97,187812.68,1834.79,2025-11-05 04:58:13.243063,344597456.55,399,917.4,172298728.27,0
2025-11-05 04:58:13.243063,184041.21,184962.08,182933.29,183436.95,1012.29,2025-11-05 05:58:13.243063,185691851.68,527,506.15,92845925.84,0
2025-11-05 05:58:13.243063,173434.51,173467.9,172456.54,172917.72,1164.53,2025-11-05 06:58:13.243063,201367817.68,808,582.26,100683908.84,0
2025-11-05 06:58:13.243063,174018.56,174540.88,172805.45,172839.85,883.33,2025-11-05 07:58:13.243063,152674191.26,136,441.66,76337095.63,0
2025-11-05 07:58:13.243063,177337.74,179704.56,177309.56,178983.45,1873.0,2025-11-05 08:58:13.243063,335235989.05,551,936.5,167617994.53,0
2025-11-05 08:58:13.243063,185999.5,186563.41,184792.75,184948.11,2026.76,2025-11-05 09:58:13.243063,374845827.4,702,1013.38,187422913.7,0
2025-11-05 09:58:13.243063,181903.11,185002.89,181767.3,183275.82,1315.73,2025-11-05 10:58:13.243063,241140822.61,458,657.86,120570411.3,0
2025-11-05 10:58:13.243063,180799.2,181648.36,180269.42,181086.73,1285.68,2025-11-05 11:58:13.243063,232819686.79,981,642.84,116409843.4,0
2025-11-05 11:58:13.243063,182004.17,182964.64,181116.75,182802.61,1571.64,2025-11-05 12:58:13.243063,287300757.91,847,785.82,143650378.95,0
2025-11-05 12:58:13.243063,178979.86,179816.59,178399.55,179170.74,1273.11,2025-11-05 13:58:13.243063,228104205.69,932,636.56,114052102.85,0
2025-11-05 13:58:13.243063,180256.43,181764.42,180073.61,180270.11,1211.86,2025-11-05 14:58:13.243063,218462768.31,188,605.93,109231384.15,0
2025-11-05 14:58:13.243063,183516.51,184183.41,182787.13,183050.16,589.61,2025-11-05 15:58:13.243063,107927856.99,384,294.8,53963928.49,0
2025-11-05 15:58:13.243063,188783.08,188830.41,186652.41,187560.27,2257.4,2025-11-05 16:58:13.243063,423398609.91,423,1128.7,211699304.95,0
2025-11-05 16:58:13.243063,187140.4,187288.48,185620.29,187203.33,1763.88,2025-11-05 17:58:13.243063,330204642.52,215,881.94,165102321.26,0
2025-11-05 17:58:13.243063,187674.04,188320.19,185977.33,186459.48,1936.04,2025-11-05 18:58:13.243063,360993109.15,312,968.02,180496554.58,0
2025-11-05 18:58:13.243063,184815.31,184867.93,182636.98,183203.96,1082.85,2025-11-05 19:58:13.243063,198382196.96,958,541.42,99191098.48,0
2025-11-05 19:58:13.243063,179645.88,180289.01,178914.47,180192.53,1416.83,2025-11-05 20:58:13.243063,255302359.86,301,708.42,127651179.93,0
2025-11-05 20:58:13.243063,179941.08,180660.15,179052.05,179394.35,918.84,2025-11-05 21:58:13.243063,164835153.16,960,459.42,82417576.58,0
2025-11-05 21:58:13.243063,180469.39,180782.1,180369.39,180730.36,1204.59,2025-11-05 22:58:13.243063,217706644.45,309,602.3,108853322.23,0
2025-11-05 22:58:13.243063,184232.26,184955.01,182444.9,184050.68,1621.62,2025-11-05 23:58:13.243063,298461127.1,180,810.81,149230563.55,0
2025-11-05 23:58:13.243063,182036.58,182369.48,180811.18,181112.57,1014.78,2025-11-06 00:58:13.243063,183789425.55,475,507.39,91894712.78,0
2025-11-06 00:58:13.243063,185221.02,187191.34,184935.57,186537.58,1752.38,2025-11-06 01:58:13.243063,326885494.0,227,876.19,163442747.0,0
2025-11-06 01:58:13.243063,185163.6,186852.45,183865.41,185544.74,1297.72,2025-11-06 02:58:13.243063,240784858.62,934,648.86,120392429.31,0
2025-11-06 02:58:13.243063,185661.51,186450.36,184579.58,185484.0,1538.87,2025-11-06 03:58:13.243063,285434943.28,196,769.43,142717471.64,0
2025-11-06 03:58:13.243063,182100.96,184231.05,181934.83,182730.63,1928.55,2025-11-06 04:58:13.243063,352405043.27,439,964.27,176202521.64,0
2025-11-06 04:58:13.243063,173910.75,174063.77,172787.17,173889.25,2717.86,2025-11-06 05:58:13.243063,472606799.82,961,1358.93,236303399.91,0
2025-11-06 05:58:13.243063,177562.73,178516.83,176977.37,176981.15,2035.03,2025-11-06 06:58:13.243063,360162819.8,429,1017.52,180081409.9,0
2025-11-06 06:58:13.243063,179309.9,180687.43,178518.01,179607.0,2132.19,2025-11-06 07:58:13.243063,382956042.47,552,1066.09,191478021.23,0
2025-11-06 07:58:13.243063,178121.65,179444.57,176832.69,178614.4,810.02,2025-11-06 08:58:13.243063,144681060.8,561,405.01,72340530.4,0
2025-11-06 08:58:13.243063,179725.99,180327.61,177481.98,178871.57,1584.53,2025-11-06 09:58:13.243063,283426664.15,328,792.26,141713332.07,0
2025-11-06 09:58:13.243063,179736.44,182293.28,179120.42,180735.19,768.17,2025-11-06 10:58:13.243063,138834486.62,978,384.08,69417243.31,0
2025-11-06 10:58:13.243063,176275.12,176625.6,173541.02,175105.12,1721.4,2025-11-06 11:58:13.243063,301425162.42,681,860.7,150712581.21,0
2025-11-06 11:58:13.243063,173951.72,174214.79,173181.11,173269.84,1389.85,2025-11-06 12:58:13.243063,240818997.36,682,694.92,120409498.68,0
2025-11-06 12:58:13.243063,175474.56,176924.45,175173.82,176039.61,1064.83,2025-11-06 13:58:13.243063,187451700.12,242,532.41,93725850.06,0
2025-11-06 13:58:13.243063,170278.22,171976.96,169971.09,171641.12,1129.75,2025-11-06 14:58:13.243063,193912169.46,631,564.88,96956084.73,0
2025-11-06 14:58:13.243063,173447.41,173719.59,172400.15,172666.02,1777.99,2025-11-06 15:58:13.243063,306998216.44,313,888.99,153499108.22,0
2025-11-06 15:58:13.243063,168124.28,168483.53,166422.76,167998.57,1964.79,2025-11-06 16:58:13.243063,330082357.87,174,982.4,165041178.93,0
2025-11-06 16:58:13.243063,168944.77,170291.86,168634.08,169582.56,1282.88,2025-11-06 17:58:13.243063,217553246.5,640,641.44,108776623.25,0
2025-11-06 17:58:13.243063,169733.78,170033.47,168155.1,169478.64,991.45,2025-11-06 18:58:13.243063,168030121.7,854,495.73,84015060.85,0
2025-11-06 18:58:13.243063,162882.76,164190.86,162646.93,164020.98,825.46,2025-11-06 19:58:13.243063,135392920.66,677,412.73,67696460.33,0
2025-11-06 19:58:13.243063,167175.45,168650.4,166334.24,167858.21,1148.47,2025-11-06 20:58:13.243063,192780176.04,550,574.24,96390088.02,0
2025-11-06 20:58:13.243063,165757.58,166163.03,164839.14,165408.85,1878.55,2025-11-06 21:58:13.243063,310729280.33,867,939.28,155364640.17,0
2025-11-06 21:58:13.243063,163755.5,164328.21,162310.97,162744.94,1267.16,2025-11-06 22:58:13.243063,206223193.48,709,633.58,103111596.74,0
2025-11-06 22:58:13.243063,163540.75,164191.86,161790.08,163414.04,2008.03,2025-11-06 23:58:13.243063,328141075.32,851,1004.02,164070537.66,0
2025-11-06 23:58:13.243063,167141.16,168693.96,165822.87,167184.45,1080.19,2025-11-07 00:58:13.243063,180590672.35,433,540.09,90295336.17,0
2025-11-07 00:58:13.243063,163396.5,163837.73,162946.26,163804.58,1548.24,2025-11-07 01:58:13.243063,253608520.25,976,774.12,126804260.12,0
2025-11-07 01:58:13.243063,164407.11,165518.02,163757.78,164023.03,1151.08,2025-11-07 02:58:13.243063,188804130.3,424,575.54,94402065.15,0
2025-11-07 02:58:13.243063,165830.95,166767.23,164579.15,165446.15,1933.92,2025-11-07 03:58:13.243063,319959183.39,825,966.96,159979591.7,0
2025-11-07 03:58:13.243063,167176.56,167977.92,166558.49,167756.13,1073.49,2025-11-07 04:58:13.243063,180084981.3,145,536.75,90042490.65,0
2025-11-07 04:58:13.243063,168123.3,169185.24,167766.45,168364.88,1597.96,2025-11-07 05:58:13.243063,269041098.82,792,798.98,134520549.41,0
2025-11-07 05:58:13.243063,167480.6,167554.98,167063.18,167145.83,552.22,2025-11-07 06:58:13.243063,92301955.95,943,276.11,46150977.97,0
2025-11-07 06:58:13.243063,164251.6,165427.76,163866.88,164395.98,597.99,2025-11-07 07:58:13.243063,98307136.19,311,298.99,49153568.09,0
2025-11-07 07:58:13.243063,163893.13,164922.48,163687.44,164695.65,1316.51,2025-11-07 08:58:13.243063,216824058.65,631,658.26,108412029.32,0
2025-11-07 08:58:13.243063,161144.07,161660.97,161124.07,161180.59,654.67,2025-11-07 09:58:13.243063,105520060.53,765,327.33,52760030.26,0
2025-11-07 09:58:13.243063,151300.97,152262.08,150570.79,151779.41,1867.46,2025-11-07 10:58:13.243063,283442361.43,561,933.73,141721180.71,0
2025-11-07 10:58:13.243063,152884.68,154211.59,152701.01,153119.8,1451.9,2025-11-07 11:58:13.243063,222314907.28,394,725.95,111157453.64,0
2025-11-07 11:58:13.243063,155733.97,156593.18,154894.71,155903.32,1690.45,2025-11-07 12:58:13.243063,263546706.46,589,845.22,131773353.23,0
2025-11-07 12:58:13.243063,148649.71,149650.11,147502.45,148551.13,2234.39,2025-11-07 13:58:13.243063,331921159.55,886,1117.2,165960579.77,0
2025-11-07 13:58:13.243063,145905.29,146195.29,144965.21,145566.05,1649.9,2025-11-07 14:58:13.243063,240168954.84,163,824.95,120084477.42,0
2025-11-07 14:58:13.243063,148355.76,148697.99,147337.8,147383.17,1842.69,2025-11-07 15:58:13.243063,271581192.72,957,921.34,135790596.36,0
2025-11-07 15:58:13.243063,152974.18,153545.78,152546.75,153462.71,1406.78,2025-11-07 16:58:13.243063,215887910.03,181,703.39,107943955.02,0
2025-11-07 16:58:13.243063,152973.58,154405.78,152806.35,153541.87,1426.05,2025-11-07 17:58:13.243063,218958873.33,764,713.03,109479436.67,0
2025-11-07 17:58:13.243063,150988.03,152482.71,149951.62,151321.65,2208.63,2025-11-07 18:58:13.243063,334213804.54,878,1104.32,167106902.27,0
2025-11-07 18:58:13.243063,150842.31,151230.33,150543.09,150783.26,1142.09,2025-11-07 19:58:13.243063,172207540.84,618,571.04,86103770.42,0
2025-11-07 19:58:13.243063,154835.87,155848.43,153782.44,154944.5,838.61,2025-11-07 20:58:13.243063,129938675.18,872,419.31,64969337.59,0
2025-11-07 20:58:13.243063,151703.49,153432.04,151472.55,152958.23,2185.73,2025-11-07 21:58:13.243063,334326084.48,181,1092.87,167163042.24,0
2025-11-07 21:58:13.243063,150753.21,150876.44,150458.55,150528.66,2057.46,2025-11-07 22:58:13.243063,309706316.77,490,1028.73,154853158.39,0
2025-11-07 22:58:13.243063,149636.9,150474.72,148210.3,149090.38,1937.07,2025-11-07 23:58:13.243063,288798685.02,367,968.54,144399342.51,0
2025-11-07 23:58:13.243063,146598.26,146780.81,144937.58,146262.65,2337.36,2025-11-08 00:58:13.243063,341869190.57,911,1168.68,170934595.29,0
2025-11-08 00:58:13.243063,145999.82,146822.89,145428.24,146636.11,2036.92,2025-11-08 01:58:13.243063,298685718.9,525,1018.46,149342859.45,0
2025-11-08 01:58:13.243063,151141.24,152254.1,150613.35,151415.51,812.18,2025-11-08 02:58:13.243063,122976579.3,906,406.09,61488289.65,0
2025-11-08 02:58:13.243063,153311.82,153632.39,152196.38,152409.04,1533.18,2025-11-08 03:58:13.243063,233669893.47,468,766.59,116834946.74,0
2025-11-08 03:58:13.243063,151533.89,152040.29,150351.23,151655.06,1386.99,2025-11-08 04:58:13.243063,210344173.31,648,693.5,105172086.66,0
2025-11-08 04:58:13.243063,150235.54,150922.44,150070.53,150785.13,859.19,2025-11-08 05:58:13.243063,129552574.95,695,429.59,64776287.47,0
2025-11-08 05:58:13.243063,145895.35,147417.31,145496.26,146086.09,1932.2,2025-11-08 06:58:13.243063,282267679.28,884,966.1,141133839.64,0
2025-11-08 06:58:13.243063,148679.25,149793.51,147389.22,148680.9,1916.95,2025-11-08 07:58:13.243063,285013840.05,226,958.47,142506920.02,0
2025-11-08 07:58:13.243063,148446.04,148981.37,147885.97,148464.31,1921.2,2025-11-08 08:58:13.243063,285229579.31,886,960.6,142614789.66,0
2025-11-08 08:58:13.243063,147850.23,148142.28,147687.63,147943.26,968.97,2025-11-08 09:58:13.243063,143352535.62,653,484.48,71676267.81,0
2025-11-08 09:58:13.243063,157810.12,158827.05,155891.32,157406.03,2881.21,2025-11-08 10:58:13.243063,453519278.13,572,1440.6,226759639.07,0
2025-11-08 10:58:13.243063,158175.72,158692.19,157531.37,158362.28,1711.72,2025-11-08 11:58:13.243063,271071678.86,297,855.86,135535839.43,0
2025-11-08 11:58:13.243063,156525.22,156571.56,155429.14,155997.01,1340.06,2025-11-08 12:58:13.243063,209044848.84,779,670.03,104522424.42,0
2025-11-08 12:58:13.243063,155170.7,155843.77,154271.65,154682.4,1996.64,2025-11-08 13:58:13.243063,308844520.32,527,998.32,154422260.16,0
2025-11-08 13:58:13.243063,158047.46,159746.41,157911.37,158250.75,2261.0,2025-11-08 14:58:13.243063,357804710.25,862,1130.5,178902355.13,0
2025-11-08 14:58:13.243063,160031.66,160199.58,157547.39,158625.08,1781.59,2025-11-08 15:58:13.243063,282605119.9,859,890.8,141302559.95,0
2025-11-08 15:58:13.243063,154858.98,154954.93,153488.86,154078.0,1477.31,2025-11-08 16:58:13.243063,227620477.93,584,738.65,113810238.96,0
2025-11-08 16:58:13.243063,156786.14,157626.14,156039.72,156926.07,677.67,2025-11-08 17:58:13.243063,106344738.82,893,338.84,53172369.41,0
2025-11-08 17:58:13.243063,154155.54,155532.9,153932.83,154844.78,572.07,2025-11-08 18:58:13.243063,88582078.84,320,286.04,44291039.42,0
2025-11-08 18:58:13.243063,161676.01,161793.67,160502.3,160661.67,1131.53,2025-11-08 19:58:13.243063,181792946.93,284,565.76,90896473.46,0
2025-11-08 19:58:13.243063,164372.9,164446.13,164125.23,164148.18,2205.89,2025-11-08 20:58:13.243063,362093322.4,652,1102.95,181046661.2,0
2025-11-08 20:58:13.243063,162598.54,163002.25,162231.92,162696.06,2102.39,2025-11-08 21:58:13.243063,342050489.48,322,1051.19,171025244.74,0
2025-11-08 21:58:13.243063,166729.39,168101.63,166147.3,166880.65,1488.37,2025-11-08 22:58:13.243063,248380181.52,164,744.19,124190090.76,0
2025-11-08 22:58:13.243063,167980.44,168458.61,166717.2,167123.82,611.3,2025-11-08 23:58:13.243063,102163118.79,959,305.65,51081559.39,0
2025-11-08 23:58:13.243063,169970.6,170319.01,168490.32,169990.9,2286.63,2025-11-09 00:58:13.243063,388706077.44,530,1143.31,194353038.72,0
2025-11-09 00:58:13.243063,171367.09,172904.53,171019.56,171655.91,1278.68,2025-11-09 01:58:13.243063,219493632.01,249,639.34,109746816.0,0
2025-11-09 01:58:13.243063,169677.25,170424.8,168605.0,168767.43,1681.96,2025-11-09 02:58:13.243063,283859274.67,584,840.98,141929637.34,0
2025-11-09 02:58:13.243063,167138.31,167715.38,166418.53,166612.1,1049.69,2025-11-09 03:58:13.243063,174891673.72,946,524.85,87445836.86,0
2025-11-09 03:58:13.243063,168517.76,171356.83,168406.98,170060.84,1119.73,2025-11-09 04:58:13.243063,190421604.37,275,559.86,95210802.18,0
2025-11-09 04:58:13.243063,168820.49,168958.05,168529.82,168939.2,902.47,2025-11-09 05:58:13.243063,152463094.78,558,451.24,76231547.39,0
2025-11-09 05:58:13.243063,167475.58,169080.17,166429.57,167592.26,1143.11,2025-11-09 06:58:13.243063,191576972.54,510,571.56,95788486.27,0
2025-11-09 06:58:13.243063,163850.81,164698.66,163365.25,164407.59,2116.52,2025-11-09 07:58:13.243063,347971260.91,780,1058.26,173985630.45,0
2025-11-09 07:58:13.243063,165552.28,166829.23,165212.98,165816.89,1806.89,2025-11-09 08:58:13.243063,299612070.42,537,903.44,149806035.21,0
2025-11-09 08:58:13.243063,172456.42,173061.59,172336.49,172673.5,2354.53,2025-11-09 09:58:13.243063,406565691.05,306,1177.27,203282845.52,0
2025-11-09 09:58:13.243063,169199.15,169894.12,168240.95,169004.08,2201.59,2025-11-09 10:58:13.243063,372077252.65,880,1100.79,186038626.33,0
2025-11-09 10:58:13.243063,169413.22,169865.62,169076.86,169102.84,1417.53,2025-11-09 11:58:13.243063,239707682.66,601,708.76,119853841.33,0
2025-11-09 11:58:13.243063,174533.55,175028.61,173628.03,173895.96,993.36,2025-11-09 12:58:13.243063,172740731.81,775,496.68,86370365.9,0
2025-11-09 12:58:13.243063,172490.91,174225.14,172403.73,173636.37,1128.39,2025-11-09 13:58:13.243063,195929043.57,734,564.19,97964521.79,0
2025-11-09 13:58:13.243063,174960.93,175622.23,173831.15,175224.69,1507.7,2025-11-09 14:58:13.243063,264186286.03,418,753.85,132093143.02,0
2025-11-09 14:58:13.243063,171369.53,172346.56,170494.5,171519.06,1874.73,2025-11-09 15:58:13.243063,321551409.16,490,937.36,160775704.58,0
2025-11-09 15:58:13.243063,172639.53,173355.42,172635.36,173005.47,1033.89,2025-11-09 16:58:13.243063,178868527.17,774,516.94,89434263.58,0
2025-11-09 16:58:13.243063,173673.81,173744.17,172026.23,172375.23,1299.27,2025-11-09 17:58:13.243063,223962237.23,925,649.64,111981118.61,0
2025-11-09 17:58:13.243063,174734.47,177033.21,174520.81,175790.78,994.45,2025-11-09 18:58:13.243063,174814302.78,107,497.22,87407151.39,0
2025-11-09 18:58:13.243063,180864.65,181271.9,179363.06,179982.99,1248.89,2025-11-09 19:58:13.243063,224778196.08,837,624.44,112389098.04,0
2025-11-09 19:58:13.243063,189190.54,189569.98,188994.3,189322.54,1690.14,2025-11-09 20:58:13.243063,319981856.43,413,845.07,159990928.21,0
2025-11-09 20:58:13.243063,191929.45,192998.88,191350.52,191536.22,1961.17,2025-11-09 21:58:13.243063,375634476.18,160,980.58,187817238.09,0
2025-11-09 21:58:13.243063,191231.1,194620.28,190901.76,192803.41,998.89,2025-11-09 22:58:13.243063,192590165.04,435,499.45,96295082.52,0
2025-11-09 22:58:13.243063,194130.41,195075.13,192418.7,193572.25,1701.51,2025-11-09 23:58:13.243063,329365860.09,206,850.76,164682930.05,0
2025-11-09 23:58:13.243063,192575.75,193825.97,190867.97,192224.34,1962.35,2025-11-10 00:58:13.243063,377211897.64,730,981.18,188605948.82,0
2025-11-10 00:58:13.243063,193316.9,193935.24,192713.11,193544.86,622.86,2025-11-10 01:58:13.243063,120552268.68,959,311.43,60276134.34,0
2025-11-10 01:58:13.243063,191883.33,192668.16,191078.69,192420.75,569.72,2025-11-10 02:58:13.243063,109626257.86,932,284.86,54813128.93,0
2025-11-10 02:58:13.243063,192684.33,194733.09,192076.02,193088.3,706.11,2025-11-10 03:58:13.243063,136341477.61,427,353.05,68170738.8,0
2025-11-10 03:58:13.243063,198651.37,198702.11,197191.62,198195.86,1722.82,2025-11-10 04:58:13.243063,341455714.71,900,861.41,170727857.36,0
2025-11-10 04:58:13.243063,195172.0,195490.0,193302.78,194225.83,1448.83,2025-11-10 05:58:13.243063,281401175.31,881,724.42,140700587.66,0
2025-11-10 05:58:13.243063,199131.57,199252.41,198417.21,198673.13,1697.37,2025-11-10 06:58:13.243063,337221073.49,900,848.68,168610536.75,0
2025-11-10 06:58:13.243063,204830.02,205838.98,203817.14,203926.5,1343.38,2025-11-10 07:58:13.243063,273951236.23,663,671.69,136975618.12,0
2025-11-10 07:58:13.243063,204111.38,205080.03,202894.45,203465.35,1598.44,2025-11-10 08:58:13.243063,325227191.3,220,799.22,162613595.65,0
2025-11-10 08:58:13.243063,196297.79,196437.44,193670.2,194851.22,1436.6,2025-11-10 09:58:13.243063,279923044.34,197,718.3,139961522.17,0
2025-11-10 09:58:13.243063,193442.28,193477.03,192336.82,192502.0,625.31,2025-11-10 10:58:13.243063,120372596.69,778,312.65,60186298.35,0
2025-11-10 10:58:13.243063,196902.88,198551.89,196786.66,197514.74,1806.47,2025-11-10 11:58:13.243063,356803896.33,626,903.23,178401948.17,0
2025-11-10 11:58:13.243063,196362.17,197998.74,195646.97,197444.15,1178.79,2025-11-10 12:58:13.243063,232744330.39,589,589.39,116372165.2,0
2025-11-10 12:58:13.243063,192462.14,193711.73,191713.87,193517.77,744.69,2025-11-10 13:58:13.243063,144111662.28,448,372.35,72055831.14,0
2025-11-10 13:58:13.243063,192081.51,192733.35,190599.39,191583.46,641.52,2025-11-10 14:58:13.243063,122905053.54,356,320.76,61452526.77,0
2025-11-10 14:58:13.243063,196166.51,196419.65,194667.95,194823.6,745.72,2025-11-10 15:58:13.243063,145283638.02,851,372.86,72641819.01,0
2025-11-10 15:58:13.243063,196060.54,197684.07,195767.52,196973.41,665.38,2025-11-10 16:58:13.243063,131061911.35,294,332.69,65530955.68,0
2025-11-10 16:58:13.243063,195883.35,196302.5,195439.37,196051.84,1447.85,2025-11-10 17:58:13.243063,283853923.0,810,723.93,141926961.5,0
2025-11-10 17:58:13.243063,194462.12,195910.38,193448.27,194633.12,1298.33,2025-11-10 18:58:13.243063,252697184.66,473,649.16,126348592.33,0
2025-11-10 18:58:13.243063,192695.25,194754.05,192683.4,193127.6,1591.23,2025-11-10 19:58:13.243063,307309780.73,282,795.61,153654890.36,0
2025-11-10 19:58:13.243063,188209.88,191271.57,187955.44,189584.05,780.6,2025-11-10 20:58:13.243063,147990102.97,545,390.3,73995051.48,0
2025-11-10 20:58:13.243063,196430.34,196920.42,195189.93,195728.0,1843.61,2025-11-10 21:58:13.243063,360845678.54,392,921.8,180422839.27,0
2025-11-10 21:58:13.243063,193350.8,194535.18,193026.9,194485.83,1862.88,2025-11-10 22:58:13.243063,362304027.69,478,931.44,181152013.84,0
2025-11-10 22:58:13.243063,199995.45,200389.45,197500.42,199239.68,1315.71,2025-11-10 23:58:13.243063,262142032.79,288,657.86,131071016.39,0
2025-11-10 23:58:13.243063,204908.94,206913.28,204432.53,205321.74,2423.4,2025-11-11 00:58:13.243063,497576962.69,278,1211.7,248788481.35,0
2025-11-11 00:58:13.243063,209459.36,209495.82,209399.29,209441.77,1792.0,2025-11-11 01:58:13.243063,375320363.88,379,896.0,187660181.94,0
2025-11-11 01:58:13.243063,207881.22,208319.24,206949.75,207654.73,637.3,2025-11-11 02:58:13.243063,132338986.59,936,318.65,66169493.29,0
2025-11-11 02:58:13.243063,207698.26,209818.07,207259.38,209352.22,1792.8,2025-11-11 03:58:13.243063,375326444.56,301,896.4,187663222.28,0
2025-11-11 03:58:13.243063,209158.51,209441.04,207440.86,209271.85,1109.6,2025-11-11 04:58:13.243063,232207870.57,732,554.8,116103935.28,0
2025-11-11 04:58:13.243063,204670.42,206655.22,203757.47,205510.39,1516.57,2025-11-11 05:58:13.243063,311670146.82,536,758.28,155835073.41,0
2025-11-11 05:58:13.243063,205447.36,207596.23,205020.02,206864.12,771.97,2025-11-11 06:58:13.243063,159693207.75,619,385.99,79846603.87,0
2025-11-11 06:58:13.243063,202286.2,203334.97,201613.64,202006.79,2370.64,2025-11-11 07:58:13.243063,478885539.31,321,1185.32,239442769.66,0
2025-11-11 07:58:13.243063,206600.03,208207.71,205294.56,206825.37,2361.01,2025-11-11 08:58:13.243063,488316218.4,762,1180.5,244158109.2,0
2025-11-11 08:58:13.243063,205215.48,205862.56,203757.46,204924.16,1515.9,2025-11-11 09:58:13.243063,310644797.89,890,757.95,155322398.94,0
2025-11-11 09:58:13.243063,205441.02,206503.47,205152.03,205769.11,579.63,2025-11-11 10:58:13.243063,119269373.9,138,289.81,59634686.95,0
2025-11-11 10:58:13.243063,207668.29,208756.15,205551.55,206955.52,1503.95,2025-11-11 11:58:13.243063,311251011.61,864,751.98,155625505.81,0
2025-11-11 11:58:13.243063,205112.02,206893.47,204112.36,205904.58,1986.04,2025-11-11 12:58:13.243063,408934824.56,728,993.02,204467412.28,0
2025-11-11 12:58:13.243063,208078.04,208877.04,207166.01,208341.23,790.5,2025-11-11 13:58:13.243063,164692861.9,632,395.25,82346430.95,0
2025-11-11 13:58:13.243063,206993.98,207032.89,206275.18,206383.22,1599.66,2025-11-11 14:58:13.243063,330142475.32,889,799.83,165071237.66,0
2025-11-11 14:58:13.243063,210362.84,211420.0,209250.62,210000.28,1778.9,2025-11-11 15:58:13.243063,373568747.78,964,889.45,186784373.89,0
2025-11-11 15:58:13.243063,204711.46,204886.58,202579.99,204368.16,1909.43,2025-11-11 16:58:13.243063,390225742.62,938,954.71,195112871.31,0
2025-11-11 16:58:13.243063,204897.72,205720.43,202952.38,204905.16,577.8,2025-11-11 17:58:13.243063,118394655.21,916,288.9,59197327.6,0
2025-11-11 17:58:13.243063,213030.96,213902.88,211891.67,212871.58,1005.59,2025-11-11 18:58:13.243063,214061022.43,522,502.79,107030511.21,0
2025-11-11 18:58:13.243063,209083.78,210368.04,208601.72,208634.02,603.95,2025-11-11 19:58:13.243063,126004091.68,474,301.97,63002045.84,0
2025-11-11 19:58:13.243063,207153.67,207325.94,204182.79,205826.88,1602.84,2025-11-11 20:58:13.243063,329907948.17,329,801.42,164953974.09,0
2025-11-11 20:58:13.243063,208380.79,209884.86,206350.61,207962.98,1703.64,2025-11-11 21:58:13.243063,354294685.25,931,851.82,177147342.62,0
2025-11-11 21:58:13.243063,209570.31,210217.69,207961.79,208730.7,581.11,2025-11-11 22:58:13.243063,121294623.15,447,290.55,60647311.57,0
2025-11-11 22:58:13.243063,209892.42,211069.47,209864.6,210215.32,749.87,2025-11-11 23:58:13.243063,157633149.19,689,374.93,78816574.6,0
2025-11-11 23:58:13.243063,211511.71,213996.24,210195.15,212293.03,1537.35,2025-11-12 00:58:13.243063,326368526.3,943,768.67,163184263.15,0
2025-11-12 00:58:13.243063,214902.29,215368.36,213466.2,215009.2,714.51,2025-11-12 01:58:13.243063,153626509.21,875,357.26,76813254.61,0
2025-11-12 01:58:13.243063,219898.67,221589.84,219729.2,219802.62,701.59,2025-11-12 02:58:13.243063,154211065.06,401,350.79,77105532.53,0
2025-11-12 02:58:13.243063,221064.28,222754.9,220446.36,221626.18,2022.32,2025-11-12 03:58:13.243063,448199373.96,431,1011.16,224099686.98,0
2025-11-12 03:58:13.243063,220321.81,220679.44,219916.73,220578.96,1164.89,2025-11-12 04:58:13.243063,256950705.97,346,582.45,128475352.99,0
2025-11-12 04:58:13.243063,223853.54,223861.73,221736.74,223568.13,1129.06,2025-11-12 05:58:13.243063,252421233.29,443,564.53,126210616.65,0
2025-11-12 05:58:13.243063,231634.14,233519.93,230418.15,232085.55,2565.02,2025-11-12 06:58:13.243063,595303535.26,604,1282.51,297651767.63,0
2025-11-12 06:58:13.243063,232415.88,232535.74,229996.11,231493.11,1735.02,2025-11-12 07:58:13.243063,401644099.0,136,867.51,200822049.5,0
2025-11-12 07:58:13.243063,226509.38,227758.68,225936.17,227004.33,1850.89,2025-11-12 08:58:13.243063,420160033.05,843,925.44,210080016.53,0
2025-11-12 08:58:13.243063,230845.74,233750.38,229757.49,232053.27,2215.61,2025-11-12 09:58:13.243063,514139538.53,789,1107.8,257069769.27,0
2025-11-12 09:58:13.243063,230082.31,232356.29,229818.15,231517.78,1722.86,2025-11-12 10:58:13.243063,398872857.9,579,861.43,199436428.95,0
2025-11-12 10:58:13.243063,221375.54,222128.06,220028.28,221480.7,1167.23,2025-11-12 11:58:13.243063,258517885.94,127,583.61,129258942.97,0
2025-11-12 11:58:13.243063,225954.53,226233.36,223973.73,225256.6,2214.94,2025-11-12 12:58:13.243063,498929167.28,575,1107.47,249464583.64,0
2025-11-12 12:58:13.243063,223872.2,224547.38,221888.33,222867.4,892.82,2025-11-12 13:58:13.243063,198980182.56,433,446.41,99490091.28,0
2025-11-12 13:58:13.243063,223494.38,223897.21,222445.75,222486.15,1783.3,2025-11-12 14:58:13.243063,396758744.27,459,891.65,198379372.13,0
2025-11-12 14:58:13.243063,224336.08,224988.94,222078.86,223985.61,995.05,2025-11-12 15:58:13.243063,222877441.26,391,497.53,111438720.63,0
2025-11-12 15:58:13.243063,224048.08,226387.93,223594.98,224861.4,1002.62,2025-11-12 16:58:13.243063,225451026.55,909,501.31,112725513.28,0
2025-11-12 16:58:13.243063,228754.38,229644.0,225825.69,228074.45,2186.31,2025-11-12 17:58:13.243063,498640408.47,294,1093.15,249320204.23,0
2025-11-12 17:58:13.243063,227265.82,227855.2,226065.08,226110.79,1307.58,2025-11-12 18:58:13.243063,295657482.42,412,653.79,147828741.21,0
2025-11-12 18:58:13.243063,226589.63,230423.97,226502.17,228453.78,1560.8,2025-11-12 19:58:13.243063,356571730.05,431,780.4,178285865.02,0
2025-11-12 19:58:13.243063,226278.26,228235.49,225399.58,227290.73,2012.04,2025-11-12 20:58:13.243063,457318699.97,261,1006.02,228659349.99,0
2025-11-12 20:58:13.243063,229898.13,232200.67,229121.6,230671.96,1133.97,2025-11-12 21:58:13.243063,261575734.56,851,566.99,130787867.28,0
2025-11-12 21:58:13.243063,234125.76,235313.06,232765.44,233533.99,666.04,2025-11-12 22:58:13.243063,155542165.37,287,333.02,77771082.68,0
2025-11-12 22:58:13.243063,230096.34,230301.65,228991.16,229188.21,1870.47,2025-11-12 23:58:13.243063,428689986.37,949,935.24,214344993.19,0
2025-11-12 23:58:13.243063,234108.45,235813.03,231986.69,234189.01,1705.87,2025-11-13 00:58:13.243063,399497050.44,979,852.94,199748525.22,0
2025-11-13 00:58:13.243063,232759.28,233189.92,231630.76,231702.09,2055.53,2025-11-13 01:58:13.243063,476270747.31,816,1027.77,238135373.65,0
2025-11-13 01:58:13.243063,236815.6,236844.59,233889.12,235469.84,739.41,2025-11-13 02:58:13.243063,174109451.49,700,369.71,87054725.74,0
2025-11-13 02:58:13.243063,237035.78,237895.37,235704.64,237223.09,784.55,2025-11-13 03:58:13.243063,186114081.39,286,392.28,93057040.69,0
2025-11-13 03:58:13.243063,246141.7,247497.01,245652.6,245968.0,2399.04,2025-11-13 04:58:13.243063,590087066.7,394,1199.52,295043533.35,0
2025-11-13 04:58:13.243063,243383.52,246088.51,242588.5,244893.29,1131.82,2025-11-13 05:58:13.243063,277175521.07,645,565.91,138587760.54,0
2025-11-13 05:58:13.243063,244703.27,245043.91,241013.99,243206.87,1779.61,2025-11-13 06:58:13.243063,432814560.08,305,889.81,216407280.04,0
2025-11-13 06:58:13.243063,242344.25,243197.05,242203.64,243136.73,1570.1,2025-11-13 07:58:13.243063,381748127.36,695,785.05,190874063.68,0
2025-11-13 07:58:13.243063,240194.2,241793.04,239664.83,241686.76,1216.82,2025-11-13 08:58:13.243063,294090012.17,701,608.41,147045006.08,0
2025-11-13 08:58:13.243063,244634.26,246632.19,244493.93,245577.64,1279.6,2025-11-13 09:58:13.243063,314241424.58,788,639.8,157120712.29,0
2025-11-13 09:58:13.243063,238018.46,239838.64,236680.87,237663.6,2054.72,2025-11-13 10:58:13.243063,488331411.71,948,1027.36,244165705.85,0
2025-11-13 10:58:13.243063,232964.59,233300.32,231654.81,232678.93,1711.22,2025-11-13 11:58:13.243063,398165085.89,199,855.61,199082542.94,0
2025-11-13 11:58:13.243063,228254.18,229162.65,227307.81,227733.09,1568.63,2025-11-13 12:58:13.243063,357230085.15,888,784.32,178615042.58,0
2025-11-13 12:58:13.243063,231833.36,233157.57,231435.65,232084.19,2157.46,2025-11-13 13:58:13.243063,500712925.94,253,1078.73,250356462.97,0
2025-11-13 13:58:13.243063,240736.21,241069.82,239598.23,240047.53,1627.27,2025-11-13 14:58:13.243063,390622698.06,416,813.64,195311349.03,0
2025-11-13 14:58:13.243063,239138.1,240435.17,237528.43,239570.08,1608.16,2025-11-13 15:58:13.243063,385268004.3,907,804.08,192634002.15,0
2025-11-13 15:58:13.243063,240798.69,240938.37,238000.71,238785.14,554.92,2025-11-13 16:58:13.243063,132506307.35,439,277.46,66253153.67,0
2025-11-13 16:58:13.243063,239251.15,241285.82,238486.79,239143.57,968.25,2025-11-13 17:58:13.243063,231551330.99,651,484.13,115775665.5,0
2025-11-13 17:58:13.243063,245497.68,245797.31,242946.1,244724.6,1864.0,2025-11-13 18:58:13.243063,456166524.71,284,932.0,228083262.36,0
2025-11-13 18:58:13.243063,240005.87,242450.55,239574.81,240210.15,752.08,2025-11-13 19:58:13.243063,180657419.76,607,376.04,90328709.88,0
2025-11-13 19:58:13.243063,241227.26,241653.94,241044.37,241379.34,967.38,2025-11-13 20:58:13.243063,233505571.47,643,483.69,116752785.73,0
2025-11-13 20:58:13.243063,245257.02,248121.43,244237.56,246111.33,1038.12,2025-11-13 21:58:13.243063,255493425.85,969,519.06,127746712.93,0
2025-11-13 21:58:13.243063,246856.33,248622.92,246415.44,248602.44,2115.36,2025-11-13 22:58:13.243063,525883767.35,408,1057.68,262941883.67,0
2025-11-13 22:58:13.243063,249488.09,250668.9,247805.15,249569.91,1014.93,2025-11-13 23:58:13.243063,253295166.87,598,507.46,126647583.43,0
2025-11-13 23:58:13.243063,254505.75,256451.81,254483.71,254591.49,1425.96,2025-11-14 00:58:13.243063,363036248.39,218,712.98,181518124.19,0
2025-11-14 00:58:13.243063,241252.76,242452.64,240337.0,240852.55,1226.34,2025-11-14 01:58:13.243063,295366696.91,593,613.17,147683348.46,0
2025-11-14 01:58:13.243063,244102.95,244425.33,244085.58,244141.99,2195.17,2025-11-14 02:58:13.243063,535932461.85,228,1097.58,267966230.92,0
2025-11-14 02:58:13.243063,241011.34,242679.9,240808.98,240972.66,1427.31,2025-11-14 03:58:13.243063,343943100.11,518,713.66,171971550.06,0
2025-11-14 03:58:13.243063,233413.05,234383.43,229980.45,232174.11,1915.48,2025-11-14 04:58:13.243063,444725119.2,509,957.74,222362559.6,0
2025-11-14 04:58:13.243063,234192.64,235406.58,232349.49,234571.09,1509.9,2025-11-14 05:58:13.243063,354179980.0,308,754.95,177089990.0,0
2025-11-14 05:58:13.243063,239510.77,241151.52,238760.68,241038.96,1484.8,2025-11-14 06:58:13.243063,357895395.3,203,742.4,178947697.65,0
2025-11-14 06:58:13.243063,242067.39,242412.42,240334.02,240400.45,729.25,2025-11-14 07:58:13.243063,175311194.78,897,364.62,87655597.39,0
2025-11-14 07:58:13.243063,245842.42,246793.91,244602.47,245005.92,1154.62,2025-11-14 08:58:13.243063,282888142.85,260,577.31,141444071.43,0
2025-11-14 08:58:13.243063,253183.0,255103.91,251910.14,252930.77,998.98,2025-11-14 09:58:13.243063,252673808.34,444,499.49,126336904.17,0
2025-11-14 09:58:13.243063,261715.36,261870.5,258665.0,259607.71,2426.17,2025-11-14 10:58:13.243063,629852144.72,230,1213.08,314926072.36,0
2025-11-14 10:58:13.243063,266930.67,268624.08,265835.38,268148.62,673.22,2025-11-14 11:58:13.243063,180521927.84,346,336.61,90260963.92,0
2025-11-14 11:58:13.243063,270487.31,273781.93,269980.2,272155.45,765.3,2025-11-14 12:58:13.243063,208280929.94,929,382.65,104140464.97,0
2025-11-14 12:58:13.243063,273797.15,274640.84,270985.56,272593.26,1161.67,2025-11-14 13:58:13.243063,316664281.43,782,580.84,158332140.71,0
2025-11-14 13:58:13.243063,264427.53,264867.95,263242.68,263886.81,1490.27,2025-11-14 14:58:13.243063,393261471.46,983,745.13,196630735.73,0
2025-11-14 14:58:13.243063,263308.55,263532.35,260193.96,262614.55,904.38,2025-11-14 15:58:13.243063,237502341.76,818,452.19,118751170.88,0
2025-11-14 15:58:13.243063,257412.44,259330.09,255842.68,258211.84,1887.45,2025-11-14 16:58:13.243063,487362768.74,520,943.73,243681384.37,0
2025-11-14 16:58:13.243063,269401.42,270062.73,268911.77,269448.92,2344.01,2025-11-14 17:58:13.243063,631591010.24,644,1172.01,315795505.12,0
2025-11-14 17:58:13.243063,269025.13,270377.18,267769.89,268528.02,585.96,2025-11-14 18:58:13.243063,157345989.11,835,292.98,78672994.56,0
2025-11-14 18:58:13.243063,268162.39,271881.5,268121.16,269216.55,774.04,2025-11-14 19:58:13.243063,208384354.42,687,387.02,104192177.21,0
2025-11-14 19:58:13.243063,271035.69,273879.01,270068.18,272212.85,1828.58,2025-11-14 20:58:13.243063,497763360.31,719,914.29,248881680.15,0
2025-11-14 20:58:13.243063,271339.56,273357.05,270991.12,272477.46,1190.31,2025-11-14 21:58:13.243063,324331475.25,893,595.15,162165737.62,0
2025-11-14 21:58:13.243063,281473.19,282928.64,279376.56,281741.97,1055.68,2025-11-14 22:58:13.243063,297429426.87,622,527.84,148714713.44,0
2025-11-14 22:58:13.243063,277453.48,279669.57,277152.35,278261.61,1264.04,2025-11-14 23:58:13.243063,351734333.36,165,632.02,175867166.68,0
2025-11-14 23:58:13.243063,278649.62,279648.41,278210.52,279372.47,1963.7,2025-11-15 00:58:13.243063,548603979.61,438,981.85,274301989.8,0
2025-11-15 00:58:13.243063,276288.74,277337.91,273792.38,275251.9,1021.47,2025-11-15 01:58:13.243063,281161387.81,947,510.73,140580693.9,0
2025-11-15 01:58:13.243063,267116.56,269433.35,265784.59,268012.65,821.35,2025-11-15 02:58:13.243063,220133079.15,706,410.68,110066539.57,0
2025-11-15 02:58:13.243063,263748.4,264780.75,263501.82,264760.21,1615.94,2025-11-15 03:58:13.243063,427837087.15,981,807.97,213918543.58,0
2025-11-15 03:58:13.243063,264149.84,265819.34,262427.55,264590.57,1251.73,2025-11-15 04:58:13.243063,331195758.4,937,625.86,165597879.2,0
2025-11-15 04:58:13.243063,261586.16,264680.02,260283.73,262345.24,1429.32,2025-11-15 05:58:13.243063,374974600.75,301,714.66,187487300.38,0
2025-11-15 05:58:13.243063,259482.69,259886.99,257485.56,258738.41,2097.57,2025-11-15 06:58:13.243063,542721732.45,473,1048.78,271360866.22,0
2025-11-15 06:58:13.243063,249705.13,251531.44,249319.67,251486.92,1834.39,2025-11-15 07:58:13.243063,461325312.97,122,917.2,230662656.48,0
2025-11-15 07:58:13.243063,248968.67,252097.2,248618.38,251094.07,1153.28,2025-11-15 08:58:13.243063,289581293.05,376,576.64,144790646.52,0
2025-11-15 08:58:13.243063,242472.56,245767.1,241445.26,243562.65,808.28,2025-11-15 09:58:13.243063,196867160.88,664,404.14,98433580.44,0
2025-11-15 09:58:13.243063,245707.54,248121.23,245627.44,247289.43,807.22,2025-11-15 10:58:13.243063,199617421.35,717,403.61,99808710.67,0
2025-11-15 10:58:13.243063,245752.75,248247.98,245597.46,247721.89,837.62,2025-11-15 11:58:13.243063,207496672.96,998,418.81,103748336.48,0
2025-11-15 11:58:13.243063,239333.62,241566.97,238834.5,240525.31,1825.82,2025-11-15 12:58:13.243063,439155437.67,753,912.91,219577718.84,0
2025-11-15 12:58:13.243063,238729.7,239813.71,237080.33,239061.91,1149.62,2025-11-15 13:58:13.243063,274829840.68,601,574.81,137414920.34,0
2025-11-15 13:58:13.243063,235803.75,236847.79,235099.76,235489.58,1166.84,2025-11-15 14:58:13.243063,274778762.24,460,583.42,137389381.12,0
2025-11-15 14:58:13.243063,238644.4,238820.33,235872.68,237016.37,1001.49,2025-11-15 15:58:13.243063,237370190.03,474,500.75,118685095.02,0
2025-11-15 15:58:13.243063,243840.03,245309.66,242065.26,243394.25,736.09,2025-11-15 16:58:13.243063,179158917.55,458,368.04,89579458.77,0
2025-11-15 16:58:13.243063,232866.67,234924.77,231949.12,234290.46,2510.01,2025-11-15 17:58:13.243063,588071496.19,708,1255.01,294035748.09,0
2025-11-15 17:58:13.243063,235322.3,235653.54,233576.38,234852.88,1868.86,2025-11-15 18:58:13.243063,438907918.39,244,934.43,219453959.2,0
2025-11-15 18:58:13.243063,233405.8,234919.24,233339.38,234124.22,1440.71,2025-11-15 19:58:13.243063,337305523.18,869,720.36,168652761.59,0
2025-11-15 19:58:13.243063,237205.74,238196.61,235535.13,237291.17,1207.33,2025-11-15 20:58:13.243063,286488034.09,226,603.66,143244017.04,0
2025-11-15 20:58:13.243063,238846.33,240017.2,236290.03,238326.69,549.81,2025-11-15 21:58:13.243063,131033848.9,294,274.9,65516924.45,0
2025-11-15 21:58:13.243063,234563.54,234929.35,233427.16,234766.24,765.35,2025-11-15 22:58:13.243063,179677280.68,854,382.67,89838640.34,0
2025-11-15 22:58:13.243063,234504.51,234587.61,231682.01,233291.65,664.81,2025-11-15 23:58:13.243063,155094850.97,911,332.41,77547425.49,0
2025-11-15 23:58:13.243063,229713.34,229890.39,228698.62,229600.86,2153.55,2025-11-16 00:58:13.243063,494455799.78,555,1076.77,247227899.89,0
2025-11-16 00:58:13.243063,235447.56,235958.42,232903.8,234564.86,829.77,2025-11-16 01:58:13.243063,194635775.25,829,414.89,97317887.62,0
2025-11-16 01:58:13.243063,234557.83,235817.79,233630.74,234688.3,1270.47,2025-11-16 02:58:13.243063,298163969.92,950,635.23,149081984.96,0
2025-11-16 02:58:13.243063,241972.71,244971.13,241313.23,243635.51,2190.93,2025-11-16 03:58:13.243063,533787227.3,831,1095.46,266893613.65,0
2025-11-16 03:58:13.243063,243655.0,245017.05,241887.26,243364.29,1811.34,2025-11-16 04:58:13.243063,440814944.59,839,905.67,220407472.29,0
2025-11-16 04:58:13.243063,238869.09,240234.03,237904.5,239940.61,1004.42,2025-11-16 05:58:13.243063,241001515.11,882,502.21,120500757.55,0
2025-11-16 05:58:13.243063,231579.79,233705.89,230819.5,232700.57,658.54,2025-11-16 06:58:13.243063,153243538.71,545,329.27,76621769.35,0
2025-11-16 06:58:13.243063,223168.98,224556.85,222639.7,224332.01,1584.6,2025-11-16 07:58:13.243063,355477282.88,178,792.3,177738641.44,0
2025-11-16 07:58:13.243063,215900.99,217869.75,215549.23,217246.99,1935.24,2025-11-16 08:58:13.243063,420424813.67,925,967.62,210212406.83,0
2025-11-16 08:58:13.243063,217012.72,219914.33,216657.86,218429.37,923.78,2025-11-16 09:58:13.243063,201780604.01,905,461.89,100890302.01,0
2025-11-16 09:58:13.243063,221246.54,222251.67,219262.29,220673.62,1236.51,2025-11-16 10:58:13.243063,272864893.02,140,618.25,136432446.51,0
2025-11-16 10:58:13.243063,213745.08,215393.63,212266.62,213717.15,2432.72,2025-11-16 11:58:13.243063,519913187.46,402,1216.36,259956593.73,0
2025-11-16 11:58:13.243063,217689.06,218204.56,215665.33,217564.22,1501.52,2025-11-16 12:58:13.243063,326677898.56,217,750.76,163338949.28,0
2025-11-16 12:58:13.243063,214792.89,215947.48,214069.97,215484.04,1922.48,2025-11-16 13:58:13.243063,414264071.07,954,961.24,207132035.54,0
2025-11-16 13:58:13.243063,217339.11,217879.51,215322.2,216138.22,1058.35,2025-11-16 14:58:13.243063,228748959.83,250,529.17,114374479.91,0
2025-11-16 14:58:13.243063,223113.4,223203.59,222268.44,223129.08,1136.15,2025-11-16 15:58:13.243063,253508141.11,285,568.08,126754070.55,0
2025-11-16 15:58:13.243063,228872.51,229356.6,227096.82,227153.61,1159.19,2025-11-16 16:58:13.243063,263313307.37,133,579.59,131656653.69,0
2025-11-16 16:58:13.243063,226959.25,228030.21,225640.84,225956.37,959.1,2025-11-16 17:58:13.243063,216714957.84,158,479.55,108357478.92,0
2025-11-16 17:58:13.243063,221721.29,222062.36,221695.08,221951.56,1931.66,2025-11-16 18:58:13.243063,428734194.16,537,965.83,214367097.08,0
2025-11-16 18:58:13.243063,213035.26,213150.16,211533.07,212421.78,2667.37,2025-11-16 19:58:13.243063,566608342.46,744,1333.69,283304171.23,0
2025-11-16 19:58:13.243063,209679.49,211240.16,208718.44,209387.74,1623.47,2025-11-16 20:58:13.243063,339934507.69,661,811.73,169967253.84,0
2025-11-16 20:58:13.243063,209503.56,209528.98,207689.05,208524.52,1803.08,2025-11-16 21:58:13.243063,375985556.47,491,901.54,187992778.24,0
2025-11-16 21:58:13.243063,204081.42,205915.14,203877.29,204428.35,1230.71,2025-11-16 22:58:13.243063,251591944.57,462,615.35,125795972.28,0
2025-11-16 22:58:13.243063,202859.58,203945.86,202250.68,203912.14,1405.24,2025-11-16 23:58:13.243063,286544986.16,166,702.62,143272493.08,0
2025-11-16 23:58:13.243063,203752.43,204603.38,202428.79,204245.95,1956.95,2025-11-17 00:58:13.243063,399698305.08,998,978.47,199849152.54,0
2025-11-17 00:58:13.243063,203910.86,204104.03,202740.25,203347.86,2085.77,2025-11-17 01:58:13.243063,424136445.85,666,1042.88,212068222.93,0
2025-11-17 01:58:13.243063,200280.23,202320.7,199155.5,200724.66,1537.03,2025-11-17 02:58:13.243063,308519342.01,849,768.51,154259671.01,0
2025-11-17 02:58:13.243063,201860.2,202807.81,201379.17,201421.8,741.61,2025-11-17 03:58:13.243063,149375547.42,309,370.8,74687773.71,0
2025-11-17 03:58:13.243063,203568.24,205062.42,203147.29,203222.27,1050.56,2025-11-17 04:58:13.243063,213496338.84,655,525.28,106748169.42,0
2025-11-17 04:58:13.243063,198622.45,199872.57,198376.78,198810.72,1040.84,2025-11-17 05:58:13.243063,206930763.14,552,520.42,103465381.57,0
2025-11-17 05:58:13.243063,203659.29,204995.17,202503.49,204440.77,754.76,2025-11-17 06:58:13.243063,154304253.52,756,377.38,77152126.76,0
2025-11-17 06:58:13.243063,203285.07,204729.14,202724.61,204058.11,1381.5,2025-11-17 07:58:13.243063,281906048.71,794,690.75,140953024.35,0
2025-11-17 07:58:13.243063,204435.27,206050.02,203622.34,204155.44,1202.11,2025-11-17 08:58:13.243063,245416558.04,934,601.05,122708279.02,0
2025-11-17 08:58:13.243063,207152.26,208934.06,206881.47,207067.58,1420.61,2025-11-17 09:58:13.243063,294161542.66,195,710.3,147080771.33,0
2025-11-17 09:58:13.243063,208399.06,208773.11,207745.39,208054.11,2015.92,2025-11-17 10:58:13.243063,419420507.91,997,1007.96,209710253.95,0
2025-11-17 10:58:13.243063,212539.74,212836.66,210770.85,212041.0,805.77,2025-11-17 11:58:13.243063,170856314.17,720,402.89,85428157.08,0
2025-11-17 11:58:13.243063,213368.45,214151.82,212840.18,213279.84,649.81,2025-11-17 12:58:13.243063,138591331.88,725,324.9,69295665.94,0
2025-11-17 12:58:13.243063,210176.58,211221.26,210032.66,210688.76,2015.3,2025-11-17 13:58:13.243063,424601119.38,544,1007.65,212300559.69,0
2025-11-17 13:58:13.243063,212019.15,213447.41,211024.6,212233.12,846.61,2025-11-17 14:58:13.243063,179679553.81,770,423.31,89839776.91,0
2025-11-17 14:58:13.243063,207524.3,207663.13,207184.18,207399.62,998.47,2025-11-17 15:58:13.243063,207082420.17,376,499.24,103541210.09,0
2025-11-17 15:58:13.243063,208298.43,208858.52,206936.59,207870.66,1467.74,2025-11-17 16:58:13.243063,305100640.05,679,733.87,152550320.03,0
2025-11-17 16:58:13.243063,207819.51,209236.77,207145.38,207753.3,1163.53,2025-11-17 17:58:13.243063,241726990.09,376,581.76,120863495.05,0
2025-11-17 17:58:13.243063,205837.87,208947.26,205224.98,206909.33,529.04,2025-11-17 18:58:13.243063,109464099.54,138,264.52,54732049.77,0
2025-11-17 18:58:13.243063,206556.69,206901.85,206162.22,206398.11,1831.14,2025-11-17 19:58:13.243063,377944862.1,763,915.57,188972431.05,0
2025-11-17 19:58:13.243063,198477.74,199078.86,197857.34,198650.55,2359.18,2025-11-17 20:58:13.243063,468653178.1,855,1179.59,234326589.05,0
2025-11-17 20:58:13.243063,197425.43,198277.83,195489.71,196490.32,740.31,2025-11-17 21:58:13.243063,145463681.59,608,370.15,72731840.8,0
2025-11-17 21:58:13.243063,196874.24,197364.45,196024.89,196874.84,902.81,2025-11-17 22:58:13.243063,177739945.7,146,451.4,88869972.85,0
2025-11-17 22:58:13.243063,197480.72,197544.17,197480.19,197523.96,687.48,2025-11-17 23:58:13.243063,135792989.01,315,343.74,67896494.5,0
2025-11-17 23:58:13.243063,192289.84,193911.93,191574.61,193483.9,832.49,2025-11-18 00:58:13.243063,161073743.12,591,416.25,80536871.56,0
2025-11-18 00:58:13.243063,197958.15,200103.33,197055.85,198401.13,1683.59,2025-11-18 01:58:13.243063,334026167.88,743,841.8,167013083.94,0
2025-11-18 01:58:13.243063,196052.35,196403.66,193684.33,194983.97,2116.07,2025-11-18 02:58:13.243063,412599641.16,621,1058.03,206299820.58,0
2025-11-18 02:58:13.243063,199251.35,199638.53,197508.7,198784.04,607.58,2025-11-18 03:58:13.243063,120776451.25,992,303.79,60388225.62,0
2025-11-18 03:58:13.243063,200701.43,200869.01,199559.45,200502.31,909.96,2025-11-18 04:58:13.243063,182448756.89,529,454.98,91224378.44,0
2025-11-18 04:58:13.243063,197333.98,198193.38,197148.98,197930.96,1179.51,2025-11-18 05:58:13.243063,233462485.31,436,589.76,116731242.65,0
2025-11-18 05:58:13.243063,203407.12,207014.32,202939.38,204978.53,2154.72,2025-11-18 06:58:13.243063,441671190.83,146,1077.36,220835595.41,0
2025-11-18 06:58:13.243063,200156.68,200166.04,199894.85,200105.63,2365.66,2025-11-18 07:58:13.243063,473382385.27,274,1182.83,236691192.63,0
2025-11-18 07:58:13.243063,203736.58,204133.69,203313.98,203804.2,1604.92,2025-11-18 08:58:13.243063,327089603.01,299,802.46,163544801.51,0
2025-11-18 08:58:13.243063,209303.47,209476.08,207259.46,207903.03,1783.76,2025-11-18 09:58:13.243063,370848891.9,492,891.88,185424445.95,0
2025-11-18 09:58:13.243063,204415.59,206755.73,203457.51,205135.35,1143.97,2025-11-18 10:58:13.243063,234668701.25,942,571.99,117334350.63,0
2025-11-18 10:58:13.243063,210977.94,211216.12,210779.85,210868.74,2177.46,2025-11-18 11:58:13.243063,459158299.81,794,1088.73,229579149.91,0
2025-11-18 11:58:13.243063,209021.47,211764.78,208716.44,209835.28,1450.81,2025-11-18 12:58:13.243063,304432169.74,800,725.41,152216084.87,0
2025-11-18 12:58:13.243063,210710.3,211264.81,210703.4,211067.83,1472.15,2025-11-18 13:58:13.243063,310724312.14,898,736.08,155362156.07,0
2025-11-18 13:58:13.243063,210325.13,213610.91,210104.08,212187.85,1952.91,2025-11-18 14:58:13.243063,414383680.31,832,976.45,207191840.15,0
2025-11-18 14:58:13.243063,210363.48,212304.15,209578.73,211639.09,1881.39,2025-11-18 15:58:13.243063,398174914.62,892,940.69,199087457.31,0
2025-11-18 15:58:13.243063,214221.25,216721.89,213880.25,215092.23,1509.73,2025-11-18 16:58:13.243063,324732163.91,421,754.87,162366081.95,0
2025-11-18 16:58:13.243063,219955.58,220258.41,216870.49,218527.21,605.65,2025-11-18 17:58:13.243063,132350265.55,828,302.82,66175132.77,0
2025-11-18 17:58:13.243063,209716.76,212886.3,209242.33,210907.02,838.79,2025-11-18 18:58:13.243063,176905787.53,118,419.39,88452893.77,0
2025-11-18 18:58:13.243063,217755.15,217790.8,215067.2,216430.0,1384.35,2025-11-18 19:58:13.243063,299615084.11,398,692.18,149807542.05,0
2025-11-18 19:58:13.243063,210370.18,210562.03,207527.75,209255.38,2269.79,2025-11-18 20:58:13.243063,474965149.62,484,1134.89,237482574.81,0
2025-11-18 20:58:13.243063,213331.28,214953.79,211768.59,213597.63,996.23,2025-11-18 21:58:13.243063,212792641.62,252,498.12,106396320.81,0
2025-11-18 21:58:13.243063,217037.69,218432.56,216863.35,218432.22,1061.72,2025-11-18 22:58:13.243063,231912837.05,368,530.86,115956418.52,0
2025-11-18 22:58:13.243063,214219.26,214885.48,212837.63,213688.01,710.18,2025-11-18 23:58:13.243063,151757199.52,211,355.09,75878599.76,0
2025-11-18 23:58:13.243063,211763.72,213011.76,211239.45,211953.66,649.28,2025-11-19 00:58:13.243063,137618086.04,906,324.64,68809043.02,0
2025-11-19 00:58:13.243063,207145.27,208721.75,207035.59,207287.69,2394.29,2025-11-19 01:58:13.243063,496307535.74,713,1197.15,248153767.87,0
2025-11-19 01:58:13.243063,206716.19,207279.12,204968.92,206417.41,1740.05,2025-11-19 02:58:13.243063,359177558.68,530,870.03,179588779.34,0
2025-11-19 02:58:13.243063,205981.92,206048.36,205143.76,205166.38,1490.11,2025-11-19 03:58:13.243063,305720916.36,282,745.06,152860458.18,0
2025-11-19 03:58:13.243063,210261.08,210302.43,206479.51,208386.1,2095.3,2025-11-19 04:58:13.243063,436631857.83,998,1047.65,218315928.92,0
2025-11-19 04:58:13.243063,213979.86,214391.25,212066.64,213867.94,1069.07,2025-11-19 05:58:13.243063,228639539.71,188,534.53,114319769.86,0
2025-11-19 05:58:13.243063,221650.47,222012.52,219208.33,219859.17,647.99,2025-11-19 06:58:13.243063,142467283.36,118,324.0,71233641.68,0
2025-11-19 06:58:13.243063,217946.94,218422.05,216890.21,217409.2,1498.6,2025-11-19 07:58:13.243063,325808905.13,169,749.3,162904452.56,0
2025-11-19 07:58:13.243063,215902.3,216873.33,215681.0,216521.21,1757.29,2025-11-19 08:58:13.243063,380491079.68,474,878.65,190245539.84,0
2025-11-19 08:58:13.243063,208349.18,209448.37,208239.36,209252.86,926.17,2025-11-19 09:58:13.243063,193804506.33,315,463.09,96902253.16,0
2025-11-19 09:58:13.243063,207032.69,207670.95,203997.38,205901.17,1161.47,2025-11-19 10:58:13.243063,239147736.09,345,580.73,119573868.04,0
2025-11-19 10:58:13.243063,211030.01,211047.69,208379.91,209895.04,832.62,2025-11-19 11:58:13.243063,174763323.93,144,416.31,87381661.97,0
2025-11-19 11:58:13.243063,217694.45,218202.74,214894.67,216698.09,2009.61,2025-11-19 12:58:13.243063,435477671.88,958,1004.8,217738835.94,0
2025-11-19 12:58:13.243063,212353.31,212450.25,209438.6,211370.14,2206.11,2025-11-19 13:58:13.243063,466305072.06,378,1103.05,233152536.03,0
2025-11-19 13:58:13.243063,208446.09,209296.56,207741.74,208886.69,2030.08,2025-11-19 14:58:13.243063,424056570.14,190,1015.04,212028285.07,0
2025-11-19 14:58:13.243063,207427.75,209335.41,207227.53,208797.26,985.35,2025-11-19 15:58:13.243063,205737766.59,448,492.67,102868883.3,0
2025-11-19 15:58:13.243063,211066.92,211295.45,209656.02,209988.08,1238.12,2025-11-19 16:58:13.243063,259989592.51,925,619.06,129994796.25,0
2025-11-19 16:58:13.243063,206258.37,207575.6,206040.68,206608.94,586.98,2025-11-19 17:58:13.243063,121275723.68,578,293.49,60637861.84,0
2025-11-19 17:58:13.243063,208178.2,208605.19,207565.6,208381.89,991.92,2025-11-19 18:58:13.243063,206698327.53,257,495.96,103349163.76,0
2025-11-19 18:58:13.243063,204830.43,208027.18,204473.5,206427.94,802.15,2025-11-19 19:58:13.243063,165586890.22,964,401.08,82793445.11,0
2025-11-19 19:58:13.243063,204380.92,206466.9,204371.19,206388.92,1813.93,2025-11-19 20:58:13.243063,374374148.44,376,906.96,187187074.22,0
2025-11-19 20:58:13.243063,209717.33,210623.0,208003.14,208664.49,688.41,2025-11-19 21:58:13.243063,143647452.36,318,344.21,71823726.18,0
2025-11-19 21:58:13.243063,210131.13,210326.93,207608.73,208712.16,1145.74,2025-11-19 22:58:13.243063,239129567.37,882,572.87,119564783.68,0
2025-11-19 22:58:13.243063,207721.7,207840.39,204885.28,206911.45,1079.44,2025-11-19 23:58:13.243063,223348318.26,897,539.72,111674159.13,0
2025-11-19 23:58:13.243063,207407.71,208228.69,206043.54,206478.55,621.77,2025-11-20 00:58:13.243063,128381228.57,853,310.88,64190614.29,0
2025-11-20 00:58:13.243063,206190.75,206494.1,205988.33,206134.3,1388.15,2025-11-20 01:58:13.243063,286144852.06,869,694.07,143072426.03,0
2025-11-20 01:58:13.243063,203905.01,206623.06,203730.14,204629.47,1742.21,2025-11-20 02:58:13.243063,356506515.66,608,871.1,178253257.83,0
2025-11-20 02:58:13.243063,203735.6,204502.66,202961.15,203590.79,1059.19,2025-11-20 03:58:13.243063,215640450.61,781,529.59,107820225.3,0
2025-11-20 03:58:13.243063,209900.74,211263.38,208278.11,210120.55,1132.38,2025-11-20 04:58:13.243063,237937354.21,865,566.19,118968677.1,0
2025-11-20 04:58:13.243063,213071.58,213682.86,212059.24,212498.77,1153.9,2025-11-20 05:58:13.243063,245202070.17,859,576.95,122601035.09,0
2025-11-20 05:58:13.243063,209967.64,212221.9,209729.53,211264.24,1157.6,2025-11-20 06:58:13.243063,244558582.38,984,578.8,122279291.19,0
2025-11-20 06:58:13.243063,214463.81,215962.16,213887.56,214230.2,1134.37,2025-11-20 07:58:13.243063,243017133.3,685,567.19,121508566.65,0
2025-11-20 07:58:13.243063,212860.94,214432.38,211226.18,212821.34,1829.1,2025-11-20 08:58:13.243063,389270830.79,493,914.55,194635415.4,0
2025-11-20 08:58:13.243063,218034.27,218105.79,216606.38,217835.94,2087.58,2025-11-20 09:58:13.243063,454749192.47,620,1043.79,227374596.24,0
2025-11-20 09:58:13.243063,218908.71,220887.68,217425.86,219468.15,1071.8,2025-11-20 10:58:13.243063,235226332.29,979,535.9,117613166.15,0
2025-11-20 10:58:13.243063,219516.77,220910.21,218311.58,219019.11,1145.59,2025-11-20 11:58:13.243063,250905314.08,234,572.79,125452657.04,0
2025-11-20 11:58:13.243063,222743.68,223118.98,220108.64,221002.18,855.02,2025-11-20 12:58:13.243063,188962048.9,593,427.51,94481024.45,0
2025-11-20 12:58:13.243063,213425.09,214132.23,212444.89,214080.94,1888.85,2025-11-20 13:58:13.243063,404366937.18,146,944.43,202183468.59,0
2025-11-20 13:58:13.243063,209294.94,209719.61,209122.4,209277.96,1764.49,2025-11-20 14:58:13.243063,369268331.55,609,882.24,184634165.77,0
2025-11-20 14:58:13.243063,203827.34,205552.27,203179.51,204301.64,1072.86,2025-11-20 15:58:13.243063,219187890.77,223,536.43,109593945.39,0
2025-11-20 15:58:13.243063,204203.03,206645.94,203642.94,204906.14,788.47,2025-11-20 16:58:13.243063,161563052.79,885,394.24,80781526.4,0
2025-11-20 16:58:13.243063,211838.15,213601.48,210628.59,212026.69,1203.27,2025-11-20 17:58:13.243063,255125524.66,981,601.64,127562762.33,0
2025-11-20 17:58:13.243063,222904.67,223275.76,220841.33,221509.8,2371.19,2025-11-20 18:58:13.243063,525241337.12,367,1185.59,262620668.56,0
2025-11-20 18:58:13.243063,224094.05,225315.65,223941.44,224358.64,1787.88,2025-11-20 19:58:13.243063,401126334.63,340,893.94,200563167.31,0
2025-11-20 19:58:13.243063,224687.4,228486.94,224372.12,226628.45,1331.92,2025-11-20 20:58:13.243063,301851375.33,821,665.96,150925687.67,0
2025-11-20 20:58:13.243063,218008.29,220211.46,216827.2,218487.7,1604.93,2025-11-20 21:58:13.243063,350657382.89,635,802.46,175328691.45,0
2025-11-20 21:58:13.243063,218027.05,218243.25,215430.24,216138.19,1001.25,2025-11-20 22:58:13.243063,216408497.83,990,500.63,108204248.91,0
2025-11-20 22:58:13.243063,213247.86,214180.42,211768.26,212754.41,1051.08,2025-11-20 23:58:13.243063,223620840.59,346,525.54,111810420.3,0
2025-11-20 23:58:13.243063,210060.54,210372.54,209894.26,210133.92,1846.81,2025-11-21 00:58:13.243063,388077169.41,647,923.4,194038584.7,0
2025-11-21 00:58:13.243063,208865.93,209663.14,207663.28,209448.28,2004.63,2025-11-21 01:58:13.243063,419865263.55,703,1002.31,209932631.78,0
2025-11-21 01:58:13.243063,207381.82,207855.13,206508.59,207491.65,593.07,2025-11-21 02:58:13.243063,123056402.17,113,296.53,61528201.08,0
2025-11-21 02:58:13.243063,199123.3,199556.54,198797.07,199298.64,1717.3,2025-11-21 03:58:13.243063,342254908.64,224,858.65,171127454.32,0
2025-11-21 03:58:13.243063,201849.99,203661.99,201093.73,202299.72,598.87,2025-11-21 04:58:13.243063,121150473.11,169,299.43,60575236.55,0
2025-11-21 04:58:13.243063,198081.88,198755.11,197674.8,197979.63,1750.27,2025-11-21 05:58:13.243063,346517714.15,592,875.13,173258857.08,0
2025-11-21 05:58:13.243063,198965.14,199406.67,198262.73,198946.75,1878.79,2025-11-21 06:58:13.243063,373778288.87,777,939.39,186889144.44,0
2025-11-21 06:58:13.243063,207161.23,208366.04,206468.55,207219.29,2575.55,2025-11-21 07:58:13.243063,533703350.85,135,1287.77,266851675.43,0
2025-11-21 07:58:13.243063,204367.76,205439.58,202078.19,203429.73,658.86,2025-11-21 08:58:13.243063,134031425.36,644,329.43,67015712.68,0
2025-11-21 08:58:13.243063,193268.06,194091.73,192951.04,193155.35,2762.49,2025-11-21 09:58:13.243063,533589818.83,594,1381.25,266794909.42,0
2025-11-21 09:58:13.243063,192596.94,192863.85,191930.2,192069.81,1641.63,2025-11-21 10:58:13.243063,315307145.38,652,820.81,157653572.69,0
2025-11-21 10:58:13.243063,196566.17,197319.97,195466.64,196318.23,1038.13,2025-11-21 11:58:13.243063,203803244.84,947,519.06,101901622.42,0
2025-11-21 11:58:13.243063,204217.85,205228.35,203392.14,204027.05,2379.41,2025-11-21 12:58:13.243063,485464759.65,245,1189.71,242732379.83,0
2025-11-21 12:58:13.243063,198288.35,199613.06,197677.8,199030.23,2102.34,2025-11-21 13:58:13.243063,418430156.76,217,1051.17,209215078.38,0
2025-11-21 13:58:13.243063,200910.93,202560.5,200889.89,201027.29,2032.7,2025-11-21 14:58:13.243063,408627498.73,623,1016.35,204313749.37,0
2025-11-21 14:58:13.243063,199431.39,199877.35,198713.32,199176.59,1379.82,2025-11-21 15:58:13.243063,274828650.8,992,689.91,137414325.4,0
2025-11-21 15:58:13.243063,198936.76,200728.85,197512.2,198774.46,1261.68,2025-11-21 16:58:13.243063,250789814.67,714,630.84,125394907.34,0
2025-11-21 16:58:13.243063,208687.37,209519.5,208619.64,209306.9,933.28,2025-11-21 17:58:13.243063,195342534.48,276,466.64,97671267.24,0
2025-11-21 17:58:13.243063,202694.72,204021.43,201442.81,203036.19,1303.77,2025-11-21 18:58:13.243063,264712928.64,174,651.89,132356464.32,0
2025-11-21 18:58:13.243063,204564.3,205209.94,203533.24,204086.86,2067.51,2025-11-21 19:58:13.243063,421950957.19,200,1033.75,210975478.59,0
2025-11-21 19:58:13.243063,206408.97,206453.28,205041.62,206016.27,1814.43,2025-11-21 20:58:13.243063,373802663.35,908,907.22,186901331.67,0
2025-11-21 20:58:13.243063,208709.31,211213.17,208422.32,210510.66,705.87,2025-11-21 21:58:13.243063,148593714.88,870,352.94,74296857.44,0
2025-11-21 21:58:13.243063,210996.7,212900.26,210753.16,210944.24,561.08,2025-11-21 22:58:13.243063,118357538.45,194,280.54,59178769.23,0
2025-11-21 22:58:13.243063,211877.93,212709.49,210205.84,212264.97,1772.25,2025-11-21 23:58:13.243063,376187125.96,798,886.13,188093562.98,0
2025-11-21 23:58:13.243063,210616.08,211750.52,208943.83,210623.53,1046.97,2025-11-22 00:58:13.243063,220516441.14,604,523.48,110258220.57,0
2025-11-22 00:58:13.243063,212855.62,212908.14,210034.39,211778.28,1177.78,2025-11-22 01:58:13.243063,249428201.4,787,588.89,124714100.7,0
2025-11-22 01:58:13.243063,209396.66,210555.69,208711.81,210345.85,596.9,2025-11-22 02:58:13.243063,125555625.78,426,298.45,62777812.89,0
2025-11-22 02:58:13.243063,214164.25,214282.34,212727.8,212981.78,693.77,2025-11-22 03:58:13.243063,147759521.45,937,346.88,73879760.73,0
2025-11-22 03:58:13.243063,211588.17,212923.77,210731.57,211428.67,1728.71,2025-11-22 04:58:13.243063,365498251.29,641,864.35,182749125.65,0
2025-11-22 04:58:13.243063,213317.77,214475.31,212215.32,213044.41,2136.48,2025-11-22 05:58:13.243063,455165105.9,292,1068.24,227582552.95,0
2025-11-22 05:58:13.243063,213475.86,213830.82,212319.62,212941.03,1654.01,2025-11-22 06:58:13.243063,352205819.68,363,827.0,176102909.84,0
2025-11-22 06:58:13.243063,217819.48,217935.21,217733.08,217757.97,1367.85,2025-11-22 07:58:13.243063,297859186.43,989,683.92,148929593.22,0
2025-11-22 07:58:13.243063,218406.15,218578.0,216998.07,217555.92,1248.08,2025-11-22 08:58:13.243063,271526331.46,639,624.04,135763165.73,0
2025-11-22 08:58:13.243063,210007.75,210063.78,209059.4,209863.0,1873.74,2025-11-22 09:58:13.243063,393228852.64,410,936.87,196614426.32,0
2025-11-22 09:58:13.243063,214127.21,216526.92,213221.57,215180.6,1576.35,2025-11-22 10:58:13.243063,339199982.76,962,788.18,169599991.38,0
2025-11-22 10:58:13.243063,210941.79,211668.48,209783.52,211304.2,1793.25,2025-11-22 11:58:13.243063,378920732.31,416,896.62,189460366.15,0
2025-11-22 11:58:13.243063,207584.14,209217.09,207135.45,208562.46,1276.04,2025-11-22 12:58:13.243063,266133227.68,269,638.02,133066613.84,0
2025-11-22 12:58:13.243063,204969.87,206115.78,204099.39,206098.66,2184.86,2025-11-22 13:58:13.243063,450296257.33,226,1092.43,225148128.66,0
2025-11-22 13:58:13.243063,212678.13,213028.62,211359.04,211784.67,2137.82,2025-11-22 14:58:13.243063,452757335.95,201,1068.91,226378667.97,0
2025-11-22 14:58:13.243063,203740.63,204609.09,202365.16,202759.79,2821.54,2025-11-22 15:58:13.243063,572094258.39,894,1410.77,286047129.19,0
2025-11-22 15:58:13.243063,215061.52,217565.68,214765.93,215504.25,1274.37,2025-11-22 16:58:13.243063,274632841.25,550,637.19,137316420.63,0
2025-11-22 16:58:13.243063,221116.76,221823.21,219747.04,220077.49,1194.47,2025-11-22 17:58:13.243063,262876479.49,407,597.24,131438239.75,0
2025-11-22 17:58:13.243063,222076.34,222545.48,220049.64,221082.1,767.38,2025-11-22 18:58:13.243063,169653461.5,810,383.69,84826730.75,0
2025-11-22 18:58:13.243063,220807.2,221003.35,220432.89,220861.48,1800.17,2025-11-22 19:58:13.243063,397589228.77,327,900.09,198794614.39,0
2025-11-22 19:58:13.243063,221357.97,222871.77,220951.74,222144.93,1816.5,2025-11-22 20:58:13.243063,403525200.42,796,908.25,201762600.21,0
2025-11-22 20:58:13.243063,224500.7,224808.59,223441.22,224482.44,1111.85,2025-11-22 21:58:13.243063,249590690.79,669,555.92,124795345.39,0
2025-11-22 21:58:13.243063,226246.24,227515.86,226017.51,227401.68,1972.91,2025-11-22 22:58:13.243063,448643952.43,419,986.46,224321976.22,0
2025-11-22 22:58:13.243063,228147.11,230598.76,228017.69,229951.32,1217.68,2025-11-22 23:58:13.243063,280006172.11,433,608.84,140003086.06,0
2025-11-22 23:58:13.243063,230355.83,231042.44,228285.75,230386.3,607.16,2025-11-23 00:58:13.243063,139880560.31,743,303.58,69940280.15,0
2025-11-23 00:58:13.243063,228458.29,230710.21,227432.57,229500.06,1413.61,2025-11-23 01:58:13.243063,324422860.06,550,706.8,162211430.03,0
2025-11-23 01:58:13.243063,228229.94,229948.92,227784.97,228828.67,1681.35,2025-11-23 02:58:13.243063,384742051.97,506,840.68,192371025.99,0
2025-11-23 02:58:13.243063,229262.73,230144.57,227365.0,227959.54,1983.66,2025-11-23 03:58:13.243063,452194540.79,697,991.83,226097270.4,0
2025-11-23 03:58:13.243063,232648.43,235182.79,231222.12,233151.41,1719.08,2025-11-23 04:58:13.243063,400806823.62,240,859.54,200403411.81,0
2025-11-23 04:58:13.243063,236742.91,237206.03,235398.83,235942.49,1446.77,2025-11-23 05:58:13.243063,341353383.45,470,723.38,170676691.72,0
2025-11-23 05:58:13.243063,220074.68,222687.81,219872.82,222090.83,897.24,2025-11-23 06:58:13.243063,199268812.16,295,448.62,99634406.08,0
2025-11-23 06:58:13.243063,225697.18,227211.6,222822.89,225026.43,2060.75,2025-11-23 07:58:13.243063,463723007.85,292,1030.37,231861503.92,0
2025-11-23 07:58:13.243063,225857.47,228121.44,225602.77,225925.35,695.01,2025-11-23 08:58:13.243063,157021450.71,615,347.51,78510725.36,0
2025-11-23 08:58:13.243063,227570.05,227627.35,225035.24,225863.41,1154.79,2025-11-23 09:58:13.243063,260824285.89,235,577.39,130412142.95,0
2025-11-23 09:58:13.243063,224744.77,225175.33,222609.02,224130.95,1279.29,2025-11-23 10:58:13.243063,286728065.54,634,639.64,143364032.77,0
2025-11-23 10:58:13.243063,229775.71,229805.07,227711.95,229192.34,703.11,2025-11-23 11:58:13.243063,161146904.68,897,351.55,80573452.34,0
2025-11-23 11:58:13.243063,234786.03,234871.83,232969.77,233558.57,1458.41,2025-11-23 12:58:13.243063,340623323.25,398,729.2,170311661.62,0
2025-11-23 12:58:13.243063,230225.34,230389.08,229409.51,229971.68,1639.94,2025-11-23 13:58:13.243063,377139831.72,921,819.97,188569915.86,0
2025-11-23 13:58:13.243063,231590.99,232404.75,231586.01,231866.89,1365.78,2025-11-23 14:58:13.243063,316678698.46,998,682.89,158339349.23,0
2025-11-23 14:58:13.243063,228683.47,228964.42,226682.94,227384.18,1995.95,2025-11-23 15:58:13.243063,453846584.36,113,997.97,226923292.18,0
2025-11-23 15:58:13.243063,220838.12,222939.2,220468.29,221132.85,1070.29,2025-11-23 16:58:13.243063,236677077.42,521,535.15,118338538.71,0
2025-11-23 16:58:13.243063,218020.77,219311.05,217752.33,218383.21,1847.69,2025-11-23 17:58:13.243063,403503486.71,991,923.84,201751743.35,0
2025-11-23 17:58:13.243063,222098.2,223899.72,221514.2,222171.69,969.88,2025-11-23 18:58:13.243063,215479600.9,223,484.94,107739800.45,0
2025-11-23 18:58:13.243063,226906.09,227677.43,225058.25,226429.06,1811.65,2025-11-23 19:58:13.243063,410210515.22,363,905.83,205105257.61,0
2025-11-23 19:58:13.243063,228025.01,229530.92,227216.11,228775.25,903.79,2025-11-23 20:58:13.243063,206764876.41,436,451.9,103382438.2,0
2025-11-23 20:58:13.243063,232605.26,232747.35,231910.82,232115.8,2039.53,2025-11-23 21:58:13.243063,473407742.67,297,1019.77,236703871.34,0
2025-11-23 21:58:13.243063,233201.14,234687.19,232802.47,234535.28,1203.79,2025-11-23 22:58:13.243063,282330301.75,157,601.89,141165150.87,0
2025-11-23 22:58:13.243063,231612.05,232073.66,229713.77,231549.73,913.82,2025-11-23 23:58:13.243063,211594103.48,402,456.91,105797051.74,0
2025-11-23 23:58:13.243063,233882.85,233886.66,233399.87,233573.12,1613.02,2025-11-24 00:58:13.243063,376757247.61,587,806.51,188378623.81,0
2025-11-24 00:58:13.243063,238415.82,239152.36,235341.75,237335.56,609.35,2025-11-24 01:58:13.243063,144619575.54,268,304.67,72309787.77,0
2025-11-24 01:58:13.243063,242474.12,242517.62,240034.34,240939.69,1725.61,2025-11-24 02:58:13.243063,415767257.39,960,862.8,207883628.69,0
2025-11-24 02:58:13.243063,245406.2,247189.87,244561.6,246692.92,2458.17,2025-11-24 03:58:13.243063,606414345.17,241,1229.09,303207172.59,0
2025-11-24 03:58:13.243063,249645.69,251504.2,248228.46,250212.26,1373.62,2025-11-24 04:58:13.243063,343697140.34,987,686.81,171848570.17,0
2025-11-24 04:58:13.243063,250615.25,253067.77,250473.77,251996.01,1889.02,2025-11-24 05:58:13.243063,476025811.33,683,944.51,238012905.66,0
2025-11-24 05:58:13.243063,258013.03,258454.69,257373.06,257414.68,630.58,2025-11-24 06:58:13.243063,162321704.86,101,315.29,81160852.43,0
2025-11-24 06:58:13.243063,257215.05,258889.13,256817.54,257303.88,1486.28,2025-11-24 07:58:13.243063,382424906.95,148,743.14,191212453.48,0
2025-11-24 07:58:13.243063,253092.48,253583.68,252413.67,252791.42,1754.42,2025-11-24 08:58:13.243063,443502503.88,749,877.21,221751251.94,0
2025-11-24 08:58:13.243063,251835.66,252635.42,251767.36,251992.26,1175.24,2025-11-24 09:58:13.243063,296151928.0,951,587.62,148075964.0,0
2025-11-24 09:58:13.243063,247744.71,248803.81,247625.87,248263.26,1616.76,2025-11-24 10:58:13.243063,401383254.94,711,808.38,200691627.47,0
